[
{
    "model": "auth.group",
    "pk": 1,
    "fields": {
        "name": "admin",
        "permissions": []
    }
},
{
    "model": "auth.group",
    "pk": 2,
    "fields": {
        "name": "organizer",
        "permissions": []
    }
},
{
    "model": "auth.group",
    "pk": 3,
    "fields": {
        "name": "leader",
        "permissions": []
    }
},
{
    "model": "auth.user",
    "pk": 1,
    "fields": {
        "username": "cdonnelly",
        "is_staff": true,
        "last_login": "2015-05-26T15:05:20.361Z",
        "last_name": "",
        "is_active": true,
        "date_joined": "2015-03-02T15:29:13Z",
        "email": "me@me.com",
        "is_superuser": true,
        "user_permissions": [],
        "first_name": "",
        "groups": [
            [
                "admin"
            ],
            [
                "organizer"
            ],
            [
                "leader"
            ]
        ],
        "password": "pbkdf2_sha256$20000$BBQwKnUCjDr6$p2zmv/ioMssHyI2ffJJfSS4YeA+3H75bFmJ5doJNAno="
    }
},
{
    "model": "swoptact.tag",
    "pk": 1,
    "fields": {
        "description": "testing the model",
        "name": "ttm",
        "group": [
            "organizer"
        ]
    }
},
{
    "model": "swoptact.tag",
    "pk": 2,
    "fields": {
        "description": "Illinois grant for children",
        "name": "il4kids",
        "group": [
            "admin"
        ]
    }
},
{
    "model": "swoptact.tag",
    "pk": 4,
    "fields": {
        "description": "another test",
        "name": "test",
        "group": [
            "organizer"
        ]
    }
},
{
    "model": "swoptact.tag",
    "pk": 5,
    "fields": {
        "description": "A new tag.",
        "name": "New",
        "group": [
            "leader"
        ]
    }
},
{
    "model": "swoptact.address",
    "pk": 1,
    "fields": {
        "city": "Chicago",
        "zipcode": 60602,
        "direction": "N",
        "number": 17,
        "state": "IL",
        "type": "St",
        "name": "State",
        "apartment": "1700"
    }
},
{
    "model": "swoptact.address",
    "pk": 2,
    "fields": {
        "city": "Chicago",
        "zipcode": null,
        "direction": "S",
        "number": 6300,
        "state": "IL",
        "type": "Av",
        "name": "Ashland",
        "apartment": null
    }
},
{
    "model": "swoptact.address",
    "pk": 3,
    "fields": {
        "city": "Chicago",
        "zipcode": null,
        "direction": "E",
        "number": 310,
        "state": "IL",
        "type": "St",
        "name": "Lake",
        "apartment": null
    }
},
{
    "model": "swoptact.address",
    "pk": 4,
    "fields": {
        "city": "Chicago",
        "zipcode": null,
        "direction": "W",
        "number": 10,
        "state": "IL",
        "type": "Av",
        "name": "Lawndale",
        "apartment": null
    }
},
{
    "model": "swoptact.address",
    "pk": 5,
    "fields": {
        "city": "Chicago",
        "zipcode": null,
        "direction": "E",
        "number": 3100,
        "state": "IL",
        "type": "St",
        "name": "93rd",
        "apartment": null
    }
},
{
    "model": "swoptact.address",
    "pk": 6,
    "fields": {
        "city": "Chicago",
        "zipcode": null,
        "direction": "N",
        "number": 1215,
        "state": "IL",
        "type": "Av",
        "name": "Damen",
        "apartment": null
    }
},
{
    "model": "swoptact.address",
    "pk": 7,
    "fields": {
        "city": "Chicago",
        "zipcode": null,
        "direction": "W",
        "number": 2800,
        "state": "IL",
        "type": "Rd",
        "name": "Roosevelt",
        "apartment": null
    }
},
{
    "model": "swoptact.institution",
    "pk": 1,
    "fields": {
        "is_member": false,
        "address": null,
        "name": "Test Institution",
        "tags": [
            1,
            4
        ]
    }
},
{
    "model": "swoptact.institution",
    "pk": 2,
    "fields": {
        "is_member": true,
        "address": 2,
        "name": "Extra Venerable Institution",
        "tags": [
            2
        ]
    }
},
{
    "model": "swoptact.participant",
    "pk": 9,
    "fields": {
        "first_name": "Lauren",
        "primary_phone": null,
        "last_name": "Russo",
        "address": 1,
        "secondary_phone": null,
        "email": "lbeethoven@test.com",
        "institution": null
    }
},
{
    "model": "swoptact.participant",
    "pk": 14,
    "fields": {
        "first_name": "Theodore",
        "primary_phone": "+17737021233",
        "last_name": "Rose",
        "address": 5,
        "secondary_phone": null,
        "email": "",
        "institution": 1
    }
},
{
    "model": "swoptact.participant",
    "pk": 24,
    "fields": {
        "first_name": "Daria",
        "primary_phone": null,
        "last_name": "Lagos",
        "address": 1,
        "secondary_phone": null,
        "email": "",
        "institution": null
    }
},
{
    "model": "swoptact.participant",
    "pk": 25,
    "fields": {
        "first_name": "Adding",
        "primary_phone": null,
        "last_name": "NewPerson",
        "address": 1,
        "secondary_phone": null,
        "email": "",
        "institution": null
    }
},
{
    "model": "swoptact.participant",
    "pk": 26,
    "fields": {
        "first_name": "Felicia",
        "primary_phone": null,
        "last_name": "Brown",
        "address": 1,
        "secondary_phone": null,
        "email": "",
        "institution": null
    }
},
{
    "model": "swoptact.participant",
    "pk": 27,
    "fields": {
        "first_name": "Simple",
        "primary_phone": null,
        "last_name": "Addition",
        "address": 1,
        "secondary_phone": null,
        "email": "",
        "institution": null
    }
},
{
    "model": "swoptact.participant",
    "pk": 28,
    "fields": {
        "first_name": "Chris",
        "primary_phone": null,
        "last_name": "Topher",
        "address": 1,
        "secondary_phone": null,
        "email": "",
        "institution": null
    }
},
{
    "model": "swoptact.participant",
    "pk": 29,
    "fields": {
        "first_name": "Puddle",
        "primary_phone": null,
        "last_name": "Glum",
        "address": 1,
        "secondary_phone": null,
        "email": "",
        "institution": null
    }
},
{
    "model": "swoptact.participant",
    "pk": 30,
    "fields": {
        "first_name": "Eustace",
        "primary_phone": null,
        "last_name": "Solares",
        "address": 1,
        "secondary_phone": null,
        "email": "",
        "institution": null
    }
},
{
    "model": "swoptact.participant",
    "pk": 31,
    "fields": {
        "first_name": "Jill",
        "primary_phone": null,
        "last_name": "Martinez",
        "address": 1,
        "secondary_phone": null,
        "email": "",
        "institution": null
    }
},
{
    "model": "swoptact.participant",
    "pk": 32,
    "fields": {
        "first_name": "Dante",
        "primary_phone": "+13127726767",
        "last_name": "Stallworth",
        "address": 1,
        "secondary_phone": null,
        "email": "",
        "institution": null
    }
},
{
    "model": "swoptact.participant",
    "pk": 33,
    "fields": {
        "first_name": "Jesenya",
        "primary_phone": null,
        "last_name": "Guadalupe",
        "address": null,
        "secondary_phone": null,
        "email": "",
        "institution": null
    }
},
{
    "model": "swoptact.participant",
    "pk": 34,
    "fields": {
        "first_name": "Harry",
        "primary_phone": null,
        "last_name": "Potter",
        "address": null,
        "secondary_phone": null,
        "email": "",
        "institution": null
    }
},
{
    "model": "swoptact.participant",
    "pk": 35,
    "fields": {
        "first_name": "Harry",
        "primary_phone": null,
        "last_name": "Potter",
        "address": 3,
        "secondary_phone": null,
        "email": "",
        "institution": 1
    }
},
{
    "model": "swoptact.participant",
    "pk": 36,
    "fields": {
        "first_name": "Test",
        "primary_phone": "+13127025434",
        "last_name": "Newperson",
        "address": null,
        "secondary_phone": null,
        "email": "",
        "institution": null
    }
},
{
    "model": "swoptact.contact",
    "pk": 2,
    "fields": {
        "participant": 32,
        "institution": 2,
        "title": "Pastor"
    }
},
{
    "model": "swoptact.contact",
    "pk": 9,
    "fields": {
        "participant": 9,
        "institution": 2,
        "title": "Test Title"
    }
},
{
    "model": "swoptact.contact",
    "pk": 11,
    "fields": {
        "participant": 14,
        "institution": 1,
        "title": "Test LEADER"
    }
},
{
    "model": "swoptact.contact",
    "pk": 12,
    "fields": {
        "participant": 24,
        "institution": 1,
        "title": "Primary Contact"
    }
},
{
    "model": "swoptact.contact",
    "pk": 13,
    "fields": {
        "participant": 31,
        "institution": 1,
        "title": ""
    }
},
{
    "model": "swoptact.contact",
    "pk": 18,
    "fields": {
        "participant": 26,
        "institution": 1,
        "title": ""
    }
},
{
    "model": "swoptact.contact",
    "pk": 19,
    "fields": {
        "participant": 30,
        "institution": 2,
        "title": ""
    }
},
{
    "model": "swoptact.contact",
    "pk": 20,
    "fields": {
        "participant": 33,
        "institution": 2,
        "title": ""
    }
},
{
    "model": "swoptact.contact",
    "pk": 21,
    "fields": {
        "participant": 14,
        "institution": 2,
        "title": ""
    }
},
{
    "model": "swoptact.contact",
    "pk": 22,
    "fields": {
        "participant": 28,
        "institution": 2,
        "title": ""
    }
},
{
    "model": "swoptact.event",
    "pk": 2,
    "fields": {
        "description": "A discussion group",
        "date": "2015-05-11",
        "participants": [
            32
        ],
        "time": null,
        "tags": [],
        "major_action": null,
        "name": "New Homeowners Support Group",
        "is_prep": false,
        "location": "SWOP"
    }
},
{
    "model": "swoptact.event",
    "pk": 3,
    "fields": {
        "description": null,
        "date": null,
        "participants": [],
        "time": null,
        "tags": [],
        "major_action": null,
        "name": "Swoptact Initiation Forum",
        "is_prep": false,
        "location": "Conference Center"
    }
},
{
    "model": "swoptact.event",
    "pk": 4,
    "fields": {
        "description": "",
        "date": null,
        "participants": [],
        "time": null,
        "tags": [],
        "major_action": null,
        "name": "International Women's Day",
        "is_prep": false,
        "location": "Global"
    }
},
{
    "model": "swoptact.event",
    "pk": 5,
    "fields": {
        "description": null,
        "date": null,
        "participants": [],
        "time": null,
        "tags": [],
        "major_action": null,
        "name": "Organizer Retreat",
        "is_prep": false,
        "location": "SWOP Auxiliary Office"
    }
},
{
    "model": "swoptact.event",
    "pk": 6,
    "fields": {
        "description": "",
        "date": null,
        "participants": [
            9
        ],
        "time": null,
        "tags": [],
        "major_action": null,
        "name": "Example Meeting",
        "is_prep": false,
        "location": ""
    }
},
{
    "model": "swoptact.event",
    "pk": 7,
    "fields": {
        "description": "",
        "date": null,
        "participants": [
            36
        ],
        "time": null,
        "tags": [],
        "major_action": null,
        "name": "Test",
        "is_prep": false,
        "location": ""
    }
},
{
    "model": "swoptact.event",
    "pk": 8,
    "fields": {
        "description": "This is an example event with attendees.",
        "date": "2015-05-04",
        "participants": [
            9,
            14,
            24,
            26,
            28,
            29,
            30,
            31,
            32
        ],
        "time": null,
        "tags": [],
        "major_action": 9,
        "name": "Demo Event",
        "is_prep": true,
        "location": ""
    }
},
{
    "model": "swoptact.event",
    "pk": 9,
    "fields": {
        "description": "This is a test of adding a new event with the sign in sheet.",
        "date": "2015-05-04",
        "participants": [
            30,
            31,
            32,
            33
        ],
        "time": null,
        "tags": [],
        "major_action": 3,
        "name": "Add a new event",
        "is_prep": true,
        "location": "At a location"
    }
}
]
