[
{
    "model": "auth.group",
    "pk": 1,
    "fields": {
        "permissions": [],
        "name": "admin"
    }
},
{
    "model": "auth.group",
    "pk": 2,
    "fields": {
        "permissions": [],
        "name": "organizer"
    }
},
{
    "model": "auth.group",
    "pk": 3,
    "fields": {
        "permissions": [],
        "name": "leader"
    }
},
{
    "model": "auth.user",
    "pk": 1,
    "fields": {
        "is_superuser": true,
        "groups": [],
        "user_permissions": [],
        "is_staff": true,
        "last_login": "2015-06-11T17:22:59.642Z",
        "username": "admin",
        "password": "pbkdf2_sha256$20000$DyH3WV0nR2ZT$IeeQcjjdfPK1flWPtAjptTQrxXuT1yrBkFilkPSFLRA=",
        "date_joined": "2015-06-11T17:18:50.138Z",
        "email": "jrandom@example.com",
        "last_name": "",
        "is_active": true,
        "first_name": ""
    }
},
{
    "model": "auth.user",
    "pk": 2,
    "fields": {
        "is_superuser": true,
        "groups": [],
        "user_permissions": [],
        "is_staff": true,
        "last_login": null,
        "username": "otheradmin",
        "password": "pbkdf2_sha256$20000$wQL1CkVcuy9T$aJXYCzd81SPiLjxhs6/zjR9pEilJTCEtnBpCOVhkDUI=",
        "date_joined": "2015-06-11T17:21:05.818Z",
        "email": "jrandom@example.com",
        "last_name": "",
        "is_active": true,
        "first_name": ""
    }
},
{
    "model": "swoptact.tag",
    "pk": 1,
    "fields": {
        "description": "testing the model",
        "date_created": "2015-06-11",
        "group": [
            "organizer"
        ],
        "name": "ttm"
    }
},
{
    "model": "swoptact.tag",
    "pk": 2,
    "fields": {
        "description": "Illinois grant for children",
        "date_created": "2015-06-11",
        "group": [
            "admin"
        ],
        "name": "il4kids"
    }
},
{
    "model": "swoptact.tag",
    "pk": 4,
    "fields": {
        "description": "another test",
        "date_created": "2015-06-11",
        "group": [
            "organizer"
        ],
        "name": "test"
    }
},
{
    "model": "swoptact.tag",
    "pk": 5,
    "fields": {
        "description": "A new tag.",
        "date_created": "2015-06-11",
        "group": [
            "leader"
        ],
        "name": "New"
    }
},
{
    "model": "swoptact.institution",
    "pk": 1,
    "fields": {
        "address": null,
        "tags": [
            1,
            4
        ],
        "is_member": false,
        "name": "Test Institution"
    }
},
{
    "model": "swoptact.institution",
    "pk": 2,
    "fields": {
        "address": "6300 South Ashland Avenue #None Chicago, IL None",
        "tags": [
            2
        ],
        "is_member": true,
        "name": "Extra Venerable Institution"
    }
},
{
    "model": "swoptact.participant",
    "pk": 9,
    "fields": {
        "institution": null,
        "email": "lbeethoven@test.com",
        "address": "17 North State Street #1700 Chicago, IL 60602",
        "secondary_phone": null,
        "name": "Lauren Russo",
        "primary_phone": null
    }
},
{
    "model": "swoptact.participant",
    "pk": 14,
    "fields": {
        "institution": 1,
        "email": "",
        "address": "3100 East 93rd Street #None Chicago, IL None",
        "secondary_phone": null,
        "name": "Theodore Rose",
        "primary_phone": "+17737021233"
    }
},
{
    "model": "swoptact.participant",
    "pk": 24,
    "fields": {
        "institution": null,
        "email": "",
        "address": "17 North State Street #1700 Chicago, IL 60602",
        "secondary_phone": null,
        "name": "Daria Lagos",
        "primary_phone": null
    }
},
{
    "model": "swoptact.participant",
    "pk": 25,
    "fields": {
        "institution": null,
        "email": "",
        "address": "17 North State Street #1700 Chicago, IL 60602",
        "secondary_phone": null,
        "name": "Adding NewPerson",
        "primary_phone": null
    }
},
{
    "model": "swoptact.participant",
    "pk": 26,
    "fields": {
        "institution": null,
        "email": "",
        "address": "17 North State Street #1700 Chicago, IL 60602",
        "secondary_phone": null,
        "name": "Felicia Brown",
        "primary_phone": null
    }
},
{
    "model": "swoptact.participant",
    "pk": 27,
    "fields": {
        "institution": null,
        "email": "",
        "address": "17 North State Street #1700 Chicago, IL 60602",
        "secondary_phone": null,
        "name": "Simple Addition",
        "primary_phone": null
    }
},
{
    "model": "swoptact.participant",
    "pk": 28,
    "fields": {
        "institution": null,
        "email": "",
        "address": "17 North State Street #1700 Chicago, IL 60602",
        "secondary_phone": null,
        "name": "Chris Topher",
        "primary_phone": null
    }
},
{
    "model": "swoptact.participant",
    "pk": 29,
    "fields": {
        "institution": null,
        "email": "",
        "address": "17 North State Street #1700 Chicago, IL 60602",
        "secondary_phone": null,
        "name": "Puddle Glum",
        "primary_phone": null
    }
},
{
    "model": "swoptact.participant",
    "pk": 30,
    "fields": {
        "institution": null,
        "email": "",
        "address": "17 North State Street #1700 Chicago, IL 60602",
        "secondary_phone": null,
        "name": "Eustace Solares",
        "primary_phone": null
    }
},
{
    "model": "swoptact.participant",
    "pk": 31,
    "fields": {
        "institution": null,
        "email": "",
        "address": "17 North State Street #1700 Chicago, IL 60602",
        "secondary_phone": null,
        "name": "Jill Martinez",
        "primary_phone": null
    }
},
{
    "model": "swoptact.participant",
    "pk": 32,
    "fields": {
        "institution": null,
        "email": "",
        "address": "17 North State Street #1700 Chicago, IL 60602",
        "secondary_phone": null,
        "name": "Dante Stallworth",
        "primary_phone": "+13127726767"
    }
},
{
    "model": "swoptact.participant",
    "pk": 33,
    "fields": {
        "institution": null,
        "email": "",
        "address": null,
        "secondary_phone": null,
        "name": "Jesenya Guadalupe",
        "primary_phone": null
    }
},
{
    "model": "swoptact.participant",
    "pk": 34,
    "fields": {
        "institution": null,
        "email": "",
        "address": null,
        "secondary_phone": null,
        "name": "Harry Potter",
        "primary_phone": null
    }
},
{
    "model": "swoptact.participant",
    "pk": 35,
    "fields": {
        "institution": 1,
        "email": "",
        "address": "310 East Lake Street #None Chicago, IL None",
        "secondary_phone": null,
        "name": "Harry Potter",
        "primary_phone": null
    }
},
{
    "model": "swoptact.participant",
    "pk": 36,
    "fields": {
        "institution": null,
        "email": "",
        "address": null,
        "secondary_phone": null,
        "name": "Test Newperson",
        "primary_phone": "+13127025434"
    }
},
{
    "model": "swoptact.contact",
    "pk": 2,
    "fields": {
        "participant": 32,
        "institution": 2,
        "title": "Pastor"
    }
},
{
    "model": "swoptact.contact",
    "pk": 9,
    "fields": {
        "participant": 9,
        "institution": 2,
        "title": "Test Title"
    }
},
{
    "model": "swoptact.contact",
    "pk": 11,
    "fields": {
        "participant": 14,
        "institution": 1,
        "title": "Test LEADER"
    }
},
{
    "model": "swoptact.contact",
    "pk": 12,
    "fields": {
        "participant": 24,
        "institution": 1,
        "title": "Primary Contact"
    }
},
{
    "model": "swoptact.contact",
    "pk": 13,
    "fields": {
        "participant": 31,
        "institution": 1,
        "title": ""
    }
},
{
    "model": "swoptact.contact",
    "pk": 18,
    "fields": {
        "participant": 26,
        "institution": 1,
        "title": ""
    }
},
{
    "model": "swoptact.contact",
    "pk": 19,
    "fields": {
        "participant": 30,
        "institution": 2,
        "title": ""
    }
},
{
    "model": "swoptact.contact",
    "pk": 20,
    "fields": {
        "participant": 33,
        "institution": 2,
        "title": ""
    }
},
{
    "model": "swoptact.contact",
    "pk": 21,
    "fields": {
        "participant": 14,
        "institution": 2,
        "title": ""
    }
},
{
    "model": "swoptact.contact",
    "pk": 22,
    "fields": {
        "participant": 28,
        "institution": 2,
        "title": ""
    }
},
{
    "model": "swoptact.event",
    "pk": 2,
    "fields": {
        "tags": [],
        "location": "SWOP",
        "time": null,
        "date": "2015-05-11",
        "name": "New Homeowners Support Group",
        "description": "A discussion group",
        "participants": [
            32
        ],
        "is_prep": false,
        "major_action": null
    }
},
{
    "model": "swoptact.event",
    "pk": 3,
    "fields": {
        "tags": [],
        "location": "Conference Center",
        "time": null,
        "date": null,
        "name": "Swoptact Initiation Forum",
        "description": null,
        "participants": [],
        "is_prep": false,
        "major_action": null
    }
},
{
    "model": "swoptact.event",
    "pk": 4,
    "fields": {
        "tags": [],
        "location": "Global",
        "time": null,
        "date": null,
        "name": "International Women's Day",
        "description": "",
        "participants": [],
        "is_prep": false,
        "major_action": null
    }
},
{
    "model": "swoptact.event",
    "pk": 5,
    "fields": {
        "tags": [],
        "location": "SWOP Auxiliary Office",
        "time": null,
        "date": null,
        "name": "Organizer Retreat",
        "description": null,
        "participants": [],
        "is_prep": false,
        "major_action": null
    }
},
{
    "model": "swoptact.event",
    "pk": 6,
    "fields": {
        "tags": [],
        "location": "",
        "time": null,
        "date": null,
        "name": "Example Meeting",
        "description": "",
        "participants": [
            9
        ],
        "is_prep": false,
        "major_action": null
    }
},
{
    "model": "swoptact.event",
    "pk": 7,
    "fields": {
        "tags": [],
        "location": "",
        "time": null,
        "date": null,
        "name": "Test",
        "description": "",
        "participants": [
            36
        ],
        "is_prep": false,
        "major_action": null
    }
},
{
    "model": "swoptact.event",
    "pk": 8,
    "fields": {
        "tags": [],
        "location": "",
        "time": null,
        "date": "2015-05-04",
        "name": "Demo Event",
        "description": "This is an example event with attendees.",
        "participants": [
            9,
            14,
            24,
            26,
            28,
            29,
            30,
            31,
            32
        ],
        "is_prep": true,
        "major_action": 9
    }
},
{
    "model": "swoptact.event",
    "pk": 9,
    "fields": {
        "tags": [],
        "location": "Home Office",
        "time": null,
        "date": "2015-05-04",
        "name": "Board Meeting",
        "description": "This is a test of adding a new event with the sign in sheet.",
        "participants": [
            30,
            31,
            32,
            33
        ],
        "is_prep": true,
        "major_action": 3
    }
}
]
