[{"pk": 1, "model": "contenttypes.contenttype", "fields": {"model": "logentry", "app_label": "admin"}}, {"pk": 2, "model": "contenttypes.contenttype", "fields": {"model": "permission", "app_label": "auth"}}, {"pk": 3, "model": "contenttypes.contenttype", "fields": {"model": "group", "app_label": "auth"}}, {"pk": 4, "model": "contenttypes.contenttype", "fields": {"model": "user", "app_label": "auth"}}, {"pk": 5, "model": "contenttypes.contenttype", "fields": {"model": "contenttype", "app_label": "contenttypes"}}, {"pk": 6, "model": "contenttypes.contenttype", "fields": {"model": "session", "app_label": "sessions"}}, {"pk": 7, "model": "contenttypes.contenttype", "fields": {"model": "address", "app_label": "swoptact"}}, {"pk": 8, "model": "contenttypes.contenttype", "fields": {"model": "participant", "app_label": "swoptact"}}, {"pk": 9, "model": "contenttypes.contenttype", "fields": {"model": "event", "app_label": "swoptact"}}, {"pk": 11, "model": "contenttypes.contenttype", "fields": {"model": "institution", "app_label": "swoptact"}}, {"pk": 18, "model": "contenttypes.contenttype", "fields": {"model": "tag", "app_label": "swoptact"}}, {"pk": "1qu9h3rus9e9jla8xxwrudh00kf0qx1f", "model": "sessions.session", "fields": {"expire_date": "2015-04-07T20:29:35.521Z", "session_data": "N2I4YzY5Yzc4Y2E1YTlkMGQzOTY5MzM5MTUyNzY2NGFmYmY3OGRjNDp7Il9hdXRoX3VzZXJfYmFja2VuZCI6ImRqYW5nby5jb250cmliLmF1dGguYmFja2VuZHMuTW9kZWxCYWNrZW5kIiwiX2F1dGhfdXNlcl9pZCI6MSwiX2F1dGhfdXNlcl9oYXNoIjoiZWFjMjA2NDQ2MGEyMjM2MDBlYjFiY2Q2M2U0NjBmNjhiNWIzNmE4ZCJ9"}}, {"pk": "37pcft97jhluzfyv25blbzcedkx47l6n", "model": "sessions.session", "fields": {"expire_date": "2015-04-15T20:17:59.387Z", "session_data": "ZDEyZmJiZjE4OTMxOGYxZjkzNmMxNGQ4OGZkNDA5M2ZiZmUxNTk2Mjp7Il9hdXRoX3VzZXJfaGFzaCI6ImVhYzIwNjQ0NjBhMjIzNjAwZWIxYmNkNjNlNDYwZjY4YjViMzZhOGQiLCJfYXV0aF91c2VyX2JhY2tlbmQiOiJkamFuZ28uY29udHJpYi5hdXRoLmJhY2tlbmRzLk1vZGVsQmFja2VuZCIsIl9hdXRoX3VzZXJfaWQiOjF9"}}, {"pk": "3vducs34thzrk83vsx4h8nlsto8t6bua", "model": "sessions.session", "fields": {"expire_date": "2015-05-20T15:13:15.725Z", "session_data": "ZWFjZTBmZjE2OGJmZTNmMjRkYjI1ZDViM2NmN2VkMWZkNTMxYThlNTp7Il9hdXRoX3VzZXJfYmFja2VuZCI6ImRqYW5nby5jb250cmliLmF1dGguYmFja2VuZHMuTW9kZWxCYWNrZW5kIiwiX2F1dGhfdXNlcl9oYXNoIjoiZWFjMjA2NDQ2MGEyMjM2MDBlYjFiY2Q2M2U0NjBmNjhiNWIzNmE4ZCIsIl9hdXRoX3VzZXJfaWQiOjF9"}}, {"pk": "45t2l98yei2hy8gwvb89nvp8l1yj5b7q", "model": "sessions.session", "fields": {"expire_date": "2015-05-13T16:56:12.136Z", "session_data": "MWIwMGJhZTAxOTU3MDRkNTA1MjRhYmEzM2JjZWQzM2M4YzM3YTIxZTp7Il9hdXRoX3VzZXJfaWQiOjEsIl9hdXRoX3VzZXJfYmFja2VuZCI6ImRqYW5nby5jb250cmliLmF1dGguYmFja2VuZHMuTW9kZWxCYWNrZW5kIiwiX2F1dGhfdXNlcl9oYXNoIjoiZWFjMjA2NDQ2MGEyMjM2MDBlYjFiY2Q2M2U0NjBmNjhiNWIzNmE4ZCJ9"}}, {"pk": "4zz8fhhcbhig0fisrwn6doyvidn7hw47", "model": "sessions.session", "fields": {"expire_date": "2015-05-26T18:43:31.644Z", "session_data": "NWEwZjJiMWVjMWI5MGFhZTBiODFkMDBiYzI4Y2Q5NzM4ZDE2MDUzZjp7Il9hdXRoX3VzZXJfYmFja2VuZCI6ImRqYW5nby5jb250cmliLmF1dGguYmFja2VuZHMuTW9kZWxCYWNrZW5kIiwiX2F1dGhfdXNlcl9oYXNoIjoiYzNmY2QxOTZlZjk3ZjUxZTRiYTMxMTVmODFkNjhhZDQzNzUwYTRhMiIsIl9hdXRoX3VzZXJfaWQiOiIxIn0="}}, {"pk": "6kepjk40sbteihz7hrmta73bvddqiuvj", "model": "sessions.session", "fields": {"expire_date": "2015-03-16T15:29:30.464Z", "session_data": "N2M1ZTRjMTM4MDY5ZmI1ZGJjYTY0MDZlZTc5Y2NhNjE3MThlMzQzZTp7Il9hdXRoX3VzZXJfaGFzaCI6ImVhYzIwNjQ0NjBhMjIzNjAwZWIxYmNkNjNlNDYwZjY4YjViMzZhOGQiLCJfYXV0aF91c2VyX2lkIjoxLCJfYXV0aF91c2VyX2JhY2tlbmQiOiJkamFuZ28uY29udHJpYi5hdXRoLmJhY2tlbmRzLk1vZGVsQmFja2VuZCJ9"}}, {"pk": "b4gvnjaptugsouuftnlbc69vcjaxeuou", "model": "sessions.session", "fields": {"expire_date": "2015-04-24T14:27:02.566Z", "session_data": "MWIwMGJhZTAxOTU3MDRkNTA1MjRhYmEzM2JjZWQzM2M4YzM3YTIxZTp7Il9hdXRoX3VzZXJfaWQiOjEsIl9hdXRoX3VzZXJfYmFja2VuZCI6ImRqYW5nby5jb250cmliLmF1dGguYmFja2VuZHMuTW9kZWxCYWNrZW5kIiwiX2F1dGhfdXNlcl9oYXNoIjoiZWFjMjA2NDQ2MGEyMjM2MDBlYjFiY2Q2M2U0NjBmNjhiNWIzNmE4ZCJ9"}}, {"pk": "cyppnw4qiouy5opwc65d91idktjmsh85", "model": "sessions.session", "fields": {"expire_date": "2015-03-17T17:51:56.002Z", "session_data": "ZDEyZmJiZjE4OTMxOGYxZjkzNmMxNGQ4OGZkNDA5M2ZiZmUxNTk2Mjp7Il9hdXRoX3VzZXJfaGFzaCI6ImVhYzIwNjQ0NjBhMjIzNjAwZWIxYmNkNjNlNDYwZjY4YjViMzZhOGQiLCJfYXV0aF91c2VyX2JhY2tlbmQiOiJkamFuZ28uY29udHJpYi5hdXRoLmJhY2tlbmRzLk1vZGVsQmFja2VuZCIsIl9hdXRoX3VzZXJfaWQiOjF9"}}, {"pk": "hyu53zgqxx9ftuagi1sij3dc7nw35pm7", "model": "sessions.session", "fields": {"expire_date": "2015-05-05T16:22:24.768Z", "session_data": "N2M1ZTRjMTM4MDY5ZmI1ZGJjYTY0MDZlZTc5Y2NhNjE3MThlMzQzZTp7Il9hdXRoX3VzZXJfaGFzaCI6ImVhYzIwNjQ0NjBhMjIzNjAwZWIxYmNkNjNlNDYwZjY4YjViMzZhOGQiLCJfYXV0aF91c2VyX2lkIjoxLCJfYXV0aF91c2VyX2JhY2tlbmQiOiJkamFuZ28uY29udHJpYi5hdXRoLmJhY2tlbmRzLk1vZGVsQmFja2VuZCJ9"}}, {"pk": "nr2r4x9zj2civzg78fiqlk8tkc4rffe2", "model": "sessions.session", "fields": {"expire_date": "2015-03-31T15:57:16.427Z", "session_data": "ZDEyZmJiZjE4OTMxOGYxZjkzNmMxNGQ4OGZkNDA5M2ZiZmUxNTk2Mjp7Il9hdXRoX3VzZXJfaGFzaCI6ImVhYzIwNjQ0NjBhMjIzNjAwZWIxYmNkNjNlNDYwZjY4YjViMzZhOGQiLCJfYXV0aF91c2VyX2JhY2tlbmQiOiJkamFuZ28uY29udHJpYi5hdXRoLmJhY2tlbmRzLk1vZGVsQmFja2VuZCIsIl9hdXRoX3VzZXJfaWQiOjF9"}}, {"pk": "uoxdpic88u4xij1kwpatzub8sw4mohzo", "model": "sessions.session", "fields": {"expire_date": "2015-03-24T20:00:07.848Z", "session_data": "YTkwYWNmYjdiOTlhM2U5OTlmMmFiNWYxODhhN2RmZDYzMTYyZDIzYzp7Il9hdXRoX3VzZXJfaWQiOjEsIl9hdXRoX3VzZXJfaGFzaCI6ImVhYzIwNjQ0NjBhMjIzNjAwZWIxYmNkNjNlNDYwZjY4YjViMzZhOGQiLCJfYXV0aF91c2VyX2JhY2tlbmQiOiJkamFuZ28uY29udHJpYi5hdXRoLmJhY2tlbmRzLk1vZGVsQmFja2VuZCJ9"}}, {"pk": "uy1p84qqa6mqj3h5wzldg7apjautk236", "model": "sessions.session", "fields": {"expire_date": "2015-05-08T15:30:38.765Z", "session_data": "YTkwYWNmYjdiOTlhM2U5OTlmMmFiNWYxODhhN2RmZDYzMTYyZDIzYzp7Il9hdXRoX3VzZXJfaWQiOjEsIl9hdXRoX3VzZXJfaGFzaCI6ImVhYzIwNjQ0NjBhMjIzNjAwZWIxYmNkNjNlNDYwZjY4YjViMzZhOGQiLCJfYXV0aF91c2VyX2JhY2tlbmQiOiJkamFuZ28uY29udHJpYi5hdXRoLmJhY2tlbmRzLk1vZGVsQmFja2VuZCJ9"}}, {"pk": "vsysza4uld2rwioaixwzvpuebi66vrru", "model": "sessions.session", "fields": {"expire_date": "2015-05-05T14:06:36.840Z", "session_data": "ZWFjZTBmZjE2OGJmZTNmMjRkYjI1ZDViM2NmN2VkMWZkNTMxYThlNTp7Il9hdXRoX3VzZXJfYmFja2VuZCI6ImRqYW5nby5jb250cmliLmF1dGguYmFja2VuZHMuTW9kZWxCYWNrZW5kIiwiX2F1dGhfdXNlcl9oYXNoIjoiZWFjMjA2NDQ2MGEyMjM2MDBlYjFiY2Q2M2U0NjBmNjhiNWIzNmE4ZCIsIl9hdXRoX3VzZXJfaWQiOjF9"}}, {"pk": 1, "model": "swoptact.address", "fields": {"state": "IL", "apartment": "1700", "city": "Chicago", "type": "St", "name": "State", "zipcode": 60602, "direction": "N", "number": 17}}, {"pk": 2, "model": "swoptact.address", "fields": {"state": "IL", "apartment": null, "city": "Chicago", "type": "Av", "name": "Ashland", "zipcode": null, "direction": "S", "number": 6300}}, {"pk": 3, "model": "swoptact.address", "fields": {"state": "IL", "apartment": null, "city": "Chicago", "type": "St", "name": "Lake", "zipcode": null, "direction": "E", "number": 310}}, {"pk": 4, "model": "swoptact.address", "fields": {"state": "IL", "apartment": null, "city": "Chicago", "type": "Av", "name": "Lawndale", "zipcode": null, "direction": "W", "number": 10}}, {"pk": 5, "model": "swoptact.address", "fields": {"state": "IL", "apartment": null, "city": "Chicago", "type": "St", "name": "93rd", "zipcode": null, "direction": "E", "number": 3100}}, {"pk": 6, "model": "swoptact.address", "fields": {"state": "IL", "apartment": null, "city": "Chicago", "type": "Av", "name": "Damen", "zipcode": null, "direction": "N", "number": 1215}}, {"pk": 7, "model": "swoptact.address", "fields": {"state": "IL", "apartment": null, "city": "Chicago", "type": "Rd", "name": "Roosevelt", "zipcode": null, "direction": "W", "number": 2800}}, {"pk": 1, "model": "swoptact.institution", "fields": {"is_member": false, "address": 1, "name": "Test Institution", "tags": []}}, {"pk": 2, "model": "swoptact.institution", "fields": {"is_member": true, "address": 2, "name": "Extra Venerable Institution", "tags": []}}, {"pk": 9, "model": "swoptact.participant", "fields": {"email": "lbeethoven@test.com", "primary_phone": null, "institution": null, "last_name": "Russo", "first_name": "Lauren", "secondary_phone": null, "address": 1}}, {"pk": 14, "model": "swoptact.participant", "fields": {"email": "", "primary_phone": "+17737021234", "institution": 1, "last_name": "Rose", "first_name": "Theodore", "secondary_phone": null, "address": 5}}, {"pk": 24, "model": "swoptact.participant", "fields": {"email": "", "primary_phone": null, "institution": null, "last_name": "Lagos", "first_name": "Daria", "secondary_phone": null, "address": 1}}, {"pk": 25, "model": "swoptact.participant", "fields": {"email": "", "primary_phone": null, "institution": null, "last_name": "NewPerson", "first_name": "Adding", "secondary_phone": null, "address": 1}}, {"pk": 26, "model": "swoptact.participant", "fields": {"email": "", "primary_phone": null, "institution": null, "last_name": "Brown", "first_name": "Felicia", "secondary_phone": null, "address": 1}}, {"pk": 27, "model": "swoptact.participant", "fields": {"email": "", "primary_phone": null, "institution": null, "last_name": "Addition", "first_name": "Simple", "secondary_phone": null, "address": 1}}, {"pk": 28, "model": "swoptact.participant", "fields": {"email": "", "primary_phone": null, "institution": null, "last_name": "Topher", "first_name": "Chris", "secondary_phone": null, "address": 1}}, {"pk": 29, "model": "swoptact.participant", "fields": {"email": "", "primary_phone": null, "institution": null, "last_name": "Glum", "first_name": "Puddle", "secondary_phone": null, "address": 1}}, {"pk": 30, "model": "swoptact.participant", "fields": {"email": "", "primary_phone": null, "institution": null, "last_name": "Solares", "first_name": "Eustace", "secondary_phone": null, "address": 1}}, {"pk": 31, "model": "swoptact.participant", "fields": {"email": "", "primary_phone": null, "institution": null, "last_name": "Martinez", "first_name": "Jill", "secondary_phone": null, "address": 1}}, {"pk": 32, "model": "swoptact.participant", "fields": {"email": "", "primary_phone": "+13127726767", "institution": null, "last_name": "Stallwhether", "first_name": "Dante", "secondary_phone": null, "address": 1}}, {"pk": 33, "model": "swoptact.participant", "fields": {"email": "", "primary_phone": null, "institution": null, "last_name": "Guadalupe", "first_name": "Jesenya", "secondary_phone": null, "address": null}}, {"pk": 2, "model": "swoptact.contact", "fields": {"title": "Pastor", "institution": 2, "participant": 32}}, {"pk": 9, "model": "swoptact.contact", "fields": {"title": "Test Title", "institution": 2, "participant": 9}}, {"pk": 11, "model": "swoptact.contact", "fields": {"title": "Test LEADER", "institution": 1, "participant": 14}}, {"pk": 12, "model": "swoptact.contact", "fields": {"title": "Primary Contact", "institution": 1, "participant": 24}}, {"pk": 13, "model": "swoptact.contact", "fields": {"title": "", "institution": 1, "participant": 31}}, {"pk": 18, "model": "swoptact.contact", "fields": {"title": "", "institution": 1, "participant": 26}}, {"pk": 19, "model": "swoptact.contact", "fields": {"title": "", "institution": 2, "participant": 30}}, {"pk": 20, "model": "swoptact.contact", "fields": {"title": "", "institution": 2, "participant": 33}}, {"pk": 21, "model": "swoptact.contact", "fields": {"title": "", "institution": 2, "participant": 31}}, {"pk": 2, "model": "swoptact.event", "fields": {"is_prep": false, "name": "New Homeowners Support Group", "participants": [32], "date": "2015-05-11", "description": "A discussion group", "location": "SWOP", "time": null, "tags": [], "major_action": null}}, {"pk": 3, "model": "swoptact.event", "fields": {"is_prep": false, "name": "Swoptact Initiation Forum", "participants": [], "date": null, "description": null, "location": "Conference Center", "time": null, "tags": [], "major_action": null}}, {"pk": 4, "model": "swoptact.event", "fields": {"is_prep": false, "name": "International Women's Day", "participants": [], "date": null, "description": "", "location": "Global", "time": null, "tags": [], "major_action": null}}, {"pk": 5, "model": "swoptact.event", "fields": {"is_prep": false, "name": "Organizer Retreat", "participants": [], "date": null, "description": null, "location": "SWOP Auxiliary Office", "time": null, "tags": [], "major_action": null}}, {"pk": 6, "model": "swoptact.event", "fields": {"is_prep": false, "name": "Example Meeting", "participants": [9], "date": null, "description": "", "location": "", "time": null, "tags": [], "major_action": null}}, {"pk": 7, "model": "swoptact.event", "fields": {"is_prep": false, "name": "Test", "participants": [], "date": null, "description": null, "location": "", "time": null, "tags": [], "major_action": null}}, {"pk": 8, "model": "swoptact.event", "fields": {"is_prep": false, "name": "Demo Event", "participants": [9, 14, 24, 26, 28, 29, 30, 31, 32], "date": null, "description": "This is an example event with attendees.", "location": "", "time": null, "tags": [], "major_action": 7}}, {"pk": 9, "model": "swoptact.event", "fields": {"is_prep": true, "name": "Add a new event", "participants": [30, 31, 32, 33], "date": "2015-05-04", "description": "This is a test of adding a new event with the sign in sheet.", "location": "At a location", "time": null, "tags": [], "major_action": 3}}, {"pk": 1, "model": "auth.permission", "fields": {"content_type": 1, "name": "Can add log entry", "codename": "add_logentry"}}, {"pk": 2, "model": "auth.permission", "fields": {"content_type": 1, "name": "Can change log entry", "codename": "change_logentry"}}, {"pk": 3, "model": "auth.permission", "fields": {"content_type": 1, "name": "Can delete log entry", "codename": "delete_logentry"}}, {"pk": 4, "model": "auth.permission", "fields": {"content_type": 2, "name": "Can add permission", "codename": "add_permission"}}, {"pk": 5, "model": "auth.permission", "fields": {"content_type": 2, "name": "Can change permission", "codename": "change_permission"}}, {"pk": 6, "model": "auth.permission", "fields": {"content_type": 2, "name": "Can delete permission", "codename": "delete_permission"}}, {"pk": 7, "model": "auth.permission", "fields": {"content_type": 3, "name": "Can add group", "codename": "add_group"}}, {"pk": 8, "model": "auth.permission", "fields": {"content_type": 3, "name": "Can change group", "codename": "change_group"}}, {"pk": 9, "model": "auth.permission", "fields": {"content_type": 3, "name": "Can delete group", "codename": "delete_group"}}, {"pk": 10, "model": "auth.permission", "fields": {"content_type": 4, "name": "Can add user", "codename": "add_user"}}, {"pk": 11, "model": "auth.permission", "fields": {"content_type": 4, "name": "Can change user", "codename": "change_user"}}, {"pk": 12, "model": "auth.permission", "fields": {"content_type": 4, "name": "Can delete user", "codename": "delete_user"}}, {"pk": 13, "model": "auth.permission", "fields": {"content_type": 5, "name": "Can add content type", "codename": "add_contenttype"}}, {"pk": 14, "model": "auth.permission", "fields": {"content_type": 5, "name": "Can change content type", "codename": "change_contenttype"}}, {"pk": 15, "model": "auth.permission", "fields": {"content_type": 5, "name": "Can delete content type", "codename": "delete_contenttype"}}, {"pk": 16, "model": "auth.permission", "fields": {"content_type": 6, "name": "Can add session", "codename": "add_session"}}, {"pk": 17, "model": "auth.permission", "fields": {"content_type": 6, "name": "Can change session", "codename": "change_session"}}, {"pk": 18, "model": "auth.permission", "fields": {"content_type": 6, "name": "Can delete session", "codename": "delete_session"}}, {"pk": 19, "model": "auth.permission", "fields": {"content_type": 7, "name": "Can add address", "codename": "add_address"}}, {"pk": 20, "model": "auth.permission", "fields": {"content_type": 7, "name": "Can change address", "codename": "change_address"}}, {"pk": 21, "model": "auth.permission", "fields": {"content_type": 7, "name": "Can delete address", "codename": "delete_address"}}, {"pk": 22, "model": "auth.permission", "fields": {"content_type": 8, "name": "Can add participant", "codename": "add_participant"}}, {"pk": 23, "model": "auth.permission", "fields": {"content_type": 8, "name": "Can change participant", "codename": "change_participant"}}, {"pk": 24, "model": "auth.permission", "fields": {"content_type": 8, "name": "Can delete participant", "codename": "delete_participant"}}, {"pk": 25, "model": "auth.permission", "fields": {"content_type": 9, "name": "Can add event", "codename": "add_event"}}, {"pk": 26, "model": "auth.permission", "fields": {"content_type": 9, "name": "Can change event", "codename": "change_event"}}, {"pk": 27, "model": "auth.permission", "fields": {"content_type": 9, "name": "Can delete event", "codename": "delete_event"}}, {"pk": 31, "model": "auth.permission", "fields": {"content_type": 11, "name": "Can add institution", "codename": "add_institution"}}, {"pk": 32, "model": "auth.permission", "fields": {"content_type": 11, "name": "Can change institution", "codename": "change_institution"}}, {"pk": 33, "model": "auth.permission", "fields": {"content_type": 11, "name": "Can delete institution", "codename": "delete_institution"}}, {"pk": 43, "model": "auth.permission", "fields": {"content_type": 18, "name": "Can add tag", "codename": "add_tag"}}, {"pk": 44, "model": "auth.permission", "fields": {"content_type": 18, "name": "Can change tag", "codename": "change_tag"}}, {"pk": 45, "model": "auth.permission", "fields": {"content_type": 18, "name": "Can delete tag", "codename": "delete_tag"}}, {"pk": 1, "model": "auth.group", "fields": {"name": "admin", "permissions": []}}, {"pk": 2, "model": "auth.group", "fields": {"name": "organizer", "permissions": []}}, {"pk": 3, "model": "auth.group", "fields": {"name": "leader", "permissions": []}}, {"pk": 1, "model": "auth.user", "fields": {"password": "pbkdf2_sha256$20000$BBQwKnUCjDr6$p2zmv/ioMssHyI2ffJJfSS4YeA+3H75bFmJ5doJNAno=", "email": "me@me.com", "is_superuser": true, "last_name": "", "is_active": true, "username": "cdonnelly", "date_joined": "2015-03-02T15:29:13Z", "user_permissions": [], "is_staff": true, "first_name": "", "last_login": "2015-05-12T18:43:31.385Z", "groups": [1, 2, 3]}}, {"pk": 1, "model": "swoptact.tag", "fields": {"group": 2, "name": "ttm", "description": "testing the model"}}, {"pk": 2, "model": "swoptact.tag", "fields": {"group": 1, "name": "il4kids", "description": "Illinois grant for children"}}, {"pk": 4, "model": "swoptact.tag", "fields": {"group": 2, "name": "test", "description": "another test"}}, {"pk": 5, "model": "swoptact.tag", "fields": {"group": 3, "name": "New", "description": "A new tag."}}, {"pk": 1, "model": "admin.logentry", "fields": {"content_type": 7, "object_repr": "Address object", "action_flag": 1, "action_time": "2015-03-02T15:48:49.333Z", "user": 1, "change_message": "", "object_id": "1"}}, {"pk": 2, "model": "admin.logentry", "fields": {"content_type": 8, "object_repr": "Participant object", "action_flag": 1, "action_time": "2015-03-02T15:49:44.058Z", "user": 1, "change_message": "", "object_id": "1"}}, {"pk": 3, "model": "admin.logentry", "fields": {"content_type": 7, "object_repr": "17 N State St", "action_flag": 2, "action_time": "2015-03-02T17:18:52.123Z", "user": 1, "change_message": "Changed direction and type.", "object_id": "1"}}, {"pk": 4, "model": "admin.logentry", "fields": {"content_type": 7, "object_repr": "6300 S Ashland Av", "action_flag": 1, "action_time": "2015-03-03T17:14:47.972Z", "user": 1, "change_message": "", "object_id": "2"}}, {"pk": 5, "model": "admin.logentry", "fields": {"content_type": 9, "object_repr": "Housing Group Meeting 2015-02-27 19:00:00-06:00", "action_flag": 1, "action_time": "2015-03-03T17:15:43.072Z", "user": 1, "change_message": "", "object_id": "1"}}, {"pk": 6, "model": "admin.logentry", "fields": {"content_type": 9, "object_repr": "Housing Group Meeting 2015-02-27 09:00:00-06:00", "action_flag": 2, "action_time": "2015-03-03T17:16:06.293Z", "user": 1, "change_message": "Changed date.", "object_id": "1"}}, {"pk": 7, "model": "admin.logentry", "fields": {"content_type": 9, "object_repr": "Housing Group Meeting 2015-02-27 07:00:00-06:00", "action_flag": 2, "action_time": "2015-03-03T17:16:15.280Z", "user": 1, "change_message": "Changed date.", "object_id": "1"}}, {"pk": 8, "model": "admin.logentry", "fields": {"content_type": 9, "object_repr": "New Homeowners Support Group", "action_flag": 1, "action_time": "2015-03-05T17:32:32.735Z", "user": 1, "change_message": "", "object_id": "2"}}, {"pk": 9, "model": "admin.logentry", "fields": {"content_type": 7, "object_repr": "17 North State Street", "action_flag": 2, "action_time": "2015-03-06T16:06:24.976Z", "user": 1, "change_message": "No fields changed.", "object_id": "1"}}, {"pk": 10, "model": "admin.logentry", "fields": {"content_type": 7, "object_repr": "310 East Lake Street", "action_flag": 1, "action_time": "2015-03-06T16:06:43.698Z", "user": 1, "change_message": "", "object_id": "3"}}, {"pk": 11, "model": "admin.logentry", "fields": {"content_type": 7, "object_repr": "10 West Lawndale Avenue", "action_flag": 1, "action_time": "2015-03-10T14:57:57.727Z", "user": 1, "change_message": "", "object_id": "4"}}, {"pk": 12, "model": "admin.logentry", "fields": {"content_type": 7, "object_repr": "3100 East 93rd Street", "action_flag": 1, "action_time": "2015-03-10T14:58:18.205Z", "user": 1, "change_message": "", "object_id": "5"}}, {"pk": 13, "model": "admin.logentry", "fields": {"content_type": 7, "object_repr": "1215 North Damen Avenue", "action_flag": 1, "action_time": "2015-03-10T14:58:34.698Z", "user": 1, "change_message": "", "object_id": "6"}}, {"pk": 14, "model": "admin.logentry", "fields": {"content_type": 7, "object_repr": "2800 West Roosevelt Road", "action_flag": 1, "action_time": "2015-03-10T14:59:04.971Z", "user": 1, "change_message": "", "object_id": "7"}}, {"pk": 15, "model": "admin.logentry", "fields": {"content_type": 8, "object_repr": "Maria Russell", "action_flag": 1, "action_time": "2015-03-10T15:02:56.950Z", "user": 1, "change_message": "", "object_id": "2"}}, {"pk": 16, "model": "admin.logentry", "fields": {"content_type": 8, "object_repr": "Marcia Ramirez", "action_flag": 1, "action_time": "2015-03-10T15:04:17.143Z", "user": 1, "change_message": "", "object_id": "3"}}, {"pk": 17, "model": "admin.logentry", "fields": {"content_type": 8, "object_repr": "Marybeth Tennant", "action_flag": 1, "action_time": "2015-03-10T15:05:14.209Z", "user": 1, "change_message": "", "object_id": "4"}}, {"pk": 18, "model": "admin.logentry", "fields": {"content_type": 8, "object_repr": "Winston Locke", "action_flag": 1, "action_time": "2015-03-10T15:07:35.872Z", "user": 1, "change_message": "", "object_id": "5"}}, {"pk": 19, "model": "admin.logentry", "fields": {"content_type": 8, "object_repr": "Winston Locke", "action_flag": 2, "action_time": "2015-03-10T15:07:43.261Z", "user": 1, "change_message": "Changed phone_number.", "object_id": "5"}}, {"pk": 20, "model": "admin.logentry", "fields": {"content_type": 9, "object_repr": "Swoptact Initiation Forum", "action_flag": 1, "action_time": "2015-03-10T15:08:57.652Z", "user": 1, "change_message": "", "object_id": "3"}}, {"pk": 21, "model": "admin.logentry", "fields": {"content_type": 9, "object_repr": "International Women's Day", "action_flag": 1, "action_time": "2015-03-10T15:10:37.937Z", "user": 1, "change_message": "", "object_id": "4"}}, {"pk": 22, "model": "admin.logentry", "fields": {"content_type": 9, "object_repr": "Organizer Retreat", "action_flag": 1, "action_time": "2015-03-10T15:13:56.173Z", "user": 1, "change_message": "", "object_id": "5"}}, {"pk": 23, "model": "admin.logentry", "fields": {"content_type": 8, "object_repr": "Check This", "action_flag": 1, "action_time": "2015-03-10T21:06:06.772Z", "user": 1, "change_message": "", "object_id": "6"}}, {"pk": 31, "model": "admin.logentry", "fields": {"content_type": 8, "object_repr": "Marybeth Tennant", "action_flag": 2, "action_time": "2015-03-19T19:56:14.301Z", "user": 1, "change_message": "Changed new_address and geolocation.", "object_id": "4"}}, {"pk": 32, "model": "admin.logentry", "fields": {"content_type": 8, "object_repr": "Marybeth Tennant", "action_flag": 2, "action_time": "2015-03-19T19:59:05.265Z", "user": 1, "change_message": "Changed geolocation.", "object_id": "4"}}, {"pk": 33, "model": "admin.logentry", "fields": {"content_type": 8, "object_repr": "Maria Ramirez", "action_flag": 1, "action_time": "2015-03-24T20:09:16.272Z", "user": 1, "change_message": "", "object_id": "7"}}, {"pk": 34, "model": "admin.logentry", "fields": {"content_type": 8, "object_repr": "Maria Ramirez", "action_flag": 3, "action_time": "2015-03-24T20:09:34.154Z", "user": 1, "change_message": "", "object_id": "7"}}, {"pk": 35, "model": "admin.logentry", "fields": {"content_type": 8, "object_repr": "Winona Rider", "action_flag": 1, "action_time": "2015-03-24T20:27:55.939Z", "user": 1, "change_message": "", "object_id": "8"}}, {"pk": 36, "model": "admin.logentry", "fields": {"content_type": 9, "object_repr": "Example Meeting", "action_flag": 1, "action_time": "2015-03-24T21:01:08.959Z", "user": 1, "change_message": "", "object_id": "6"}}, {"pk": 37, "model": "admin.logentry", "fields": {"content_type": 9, "object_repr": "Example Meeting", "action_flag": 2, "action_time": "2015-03-24T21:01:55.080Z", "user": 1, "change_message": "No fields changed.", "object_id": "6"}}, {"pk": 38, "model": "admin.logentry", "fields": {"content_type": 9, "object_repr": "Test", "action_flag": 1, "action_time": "2015-03-24T21:02:45.603Z", "user": 1, "change_message": "", "object_id": "7"}}, {"pk": 39, "model": "admin.logentry", "fields": {"content_type": 9, "object_repr": "Test", "action_flag": 2, "action_time": "2015-03-24T21:02:50.233Z", "user": 1, "change_message": "No fields changed.", "object_id": "7"}}, {"pk": 40, "model": "admin.logentry", "fields": {"content_type": 4, "object_repr": "leonor", "action_flag": 1, "action_time": "2015-03-24T21:03:33.839Z", "user": 1, "change_message": "", "object_id": "2"}}, {"pk": 41, "model": "admin.logentry", "fields": {"content_type": 4, "object_repr": "leonor", "action_flag": 3, "action_time": "2015-03-24T21:03:50.715Z", "user": 1, "change_message": "", "object_id": "2"}}, {"pk": 42, "model": "admin.logentry", "fields": {"content_type": 8, "object_repr": "Test NewPerson", "action_flag": 1, "action_time": "2015-03-25T13:36:29.560Z", "user": 1, "change_message": "", "object_id": "9"}}, {"pk": 43, "model": "admin.logentry", "fields": {"content_type": 8, "object_repr": "Maria Russell", "action_flag": 1, "action_time": "2015-03-25T13:37:03.855Z", "user": 1, "change_message": "", "object_id": "10"}}, {"pk": 44, "model": "admin.logentry", "fields": {"content_type": 8, "object_repr": "Ludwig Beethoven", "action_flag": 1, "action_time": "2015-03-25T13:37:17.976Z", "user": 1, "change_message": "", "object_id": "11"}}, {"pk": 45, "model": "admin.logentry", "fields": {"content_type": 9, "object_repr": "International Women's Day", "action_flag": 2, "action_time": "2015-03-25T13:37:55.756Z", "user": 1, "change_message": "Changed participants.", "object_id": "4"}}, {"pk": 46, "model": "admin.logentry", "fields": {"content_type": 9, "object_repr": "Example Meeting", "action_flag": 2, "action_time": "2015-03-25T13:42:41.268Z", "user": 1, "change_message": "Changed participants.", "object_id": "6"}}, {"pk": 47, "model": "admin.logentry", "fields": {"content_type": 8, "object_repr": "Testing Again", "action_flag": 1, "action_time": "2015-03-25T13:43:16.795Z", "user": 1, "change_message": "", "object_id": "12"}}, {"pk": 48, "model": "admin.logentry", "fields": {"content_type": 8, "object_repr": "Testing Again", "action_flag": 3, "action_time": "2015-03-25T14:54:25.005Z", "user": 1, "change_message": "", "object_id": "12"}}, {"pk": 49, "model": "admin.logentry", "fields": {"content_type": 11, "object_repr": "Institution object", "action_flag": 1, "action_time": "2015-04-02T21:48:39.464Z", "user": 1, "change_message": "", "object_id": "1"}}, {"pk": 50, "model": "admin.logentry", "fields": {"content_type": 8, "object_repr": "Ludwig Beethoven", "action_flag": 2, "action_time": "2015-04-02T21:55:33.785Z", "user": 1, "change_message": "Changed institution.", "object_id": "11"}}, {"pk": 51, "model": "admin.logentry", "fields": {"content_type": 8, "object_repr": "Ludwig Beethoven", "action_flag": 2, "action_time": "2015-04-06T17:42:15.779Z", "user": 1, "change_message": "No fields changed.", "object_id": "11"}}, {"pk": 52, "model": "admin.logentry", "fields": {"content_type": 11, "object_repr": "Test Institution", "action_flag": 2, "action_time": "2015-04-06T17:54:55.712Z", "user": 1, "change_message": "No fields changed.", "object_id": "1"}}, {"pk": 53, "model": "admin.logentry", "fields": {"content_type": 7, "object_repr": "17 North State Street", "action_flag": 2, "action_time": "2015-04-07T18:49:06.019Z", "user": 1, "change_message": "Changed apartment and zipcode.", "object_id": "1"}}, {"pk": 54, "model": "admin.logentry", "fields": {"content_type": 11, "object_repr": "Test Institution", "action_flag": 2, "action_time": "2015-04-07T22:11:10.710Z", "user": 1, "change_message": "Added participant \"Maria Ontiveros\".", "object_id": "1"}}, {"pk": 55, "model": "admin.logentry", "fields": {"content_type": 11, "object_repr": "Test Institution", "action_flag": 2, "action_time": "2015-04-07T22:11:42.853Z", "user": 1, "change_message": "Added participant \"Something here\". Added participant \"New Person\". Added participant \"And  another\".", "object_id": "1"}}, {"pk": 56, "model": "admin.logentry", "fields": {"content_type": 11, "object_repr": "Test Institution", "action_flag": 2, "action_time": "2015-04-07T22:34:20.122Z", "user": 1, "change_message": "Changed address for participant \"Ludwig Beethoven\".", "object_id": "1"}}, {"pk": 58, "model": "admin.logentry", "fields": {"content_type": 9, "object_repr": "Housing Group Meeting", "action_flag": 3, "action_time": "2015-04-09T16:47:56.120Z", "user": 1, "change_message": "", "object_id": "1"}}, {"pk": 59, "model": "admin.logentry", "fields": {"content_type": 9, "object_repr": "New Person Only Event", "action_flag": 1, "action_time": "2015-04-17T15:11:54.207Z", "user": 1, "change_message": "", "object_id": "8"}}, {"pk": 60, "model": "admin.logentry", "fields": {"content_type": 9, "object_repr": "New Person Only Event", "action_flag": 2, "action_time": "2015-04-17T15:20:08.553Z", "user": 1, "change_message": "Changed participants.", "object_id": "8"}}, {"pk": 61, "model": "admin.logentry", "fields": {"content_type": 9, "object_repr": "New Person Only Event", "action_flag": 2, "action_time": "2015-04-17T15:27:03.022Z", "user": 1, "change_message": "Changed participants.", "object_id": "8"}}, {"pk": 62, "model": "admin.logentry", "fields": {"content_type": 9, "object_repr": "New Person Only Event", "action_flag": 2, "action_time": "2015-04-17T17:50:01.094Z", "user": 1, "change_message": "No fields changed.", "object_id": "8"}}, {"pk": 63, "model": "admin.logentry", "fields": {"content_type": 9, "object_repr": "New Person Only Event", "action_flag": 2, "action_time": "2015-04-17T17:50:08.431Z", "user": 1, "change_message": "No fields changed.", "object_id": "8"}}, {"pk": 64, "model": "admin.logentry", "fields": {"content_type": 9, "object_repr": "New Person Only Event", "action_flag": 2, "action_time": "2015-04-17T17:55:49.688Z", "user": 1, "change_message": "No fields changed.", "object_id": "8"}}, {"pk": 65, "model": "admin.logentry", "fields": {"content_type": 9, "object_repr": "New Person Only Event", "action_flag": 2, "action_time": "2015-04-17T20:19:45.894Z", "user": 1, "change_message": "Changed participants.", "object_id": "8"}}, {"pk": 66, "model": "admin.logentry", "fields": {"content_type": 9, "object_repr": "New Person Only Event", "action_flag": 2, "action_time": "2015-04-17T20:25:13.886Z", "user": 1, "change_message": "Changed participants.", "object_id": "8"}}, {"pk": 67, "model": "admin.logentry", "fields": {"content_type": 9, "object_repr": "New Person Only Event", "action_flag": 2, "action_time": "2015-04-17T20:26:36.064Z", "user": 1, "change_message": "Changed participants.", "object_id": "8"}}, {"pk": 68, "model": "admin.logentry", "fields": {"content_type": 9, "object_repr": "New Person Only Event", "action_flag": 2, "action_time": "2015-04-17T21:25:07.432Z", "user": 1, "change_message": "No fields changed.", "object_id": "8"}}, {"pk": 69, "model": "admin.logentry", "fields": {"content_type": 9, "object_repr": "New Person Only Event", "action_flag": 2, "action_time": "2015-04-17T23:22:13.900Z", "user": 1, "change_message": "No fields changed.", "object_id": "8"}}, {"pk": 70, "model": "admin.logentry", "fields": {"content_type": 9, "object_repr": "New Person Only Event", "action_flag": 2, "action_time": "2015-04-18T20:32:12.672Z", "user": 1, "change_message": "No fields changed.", "object_id": "8"}}, {"pk": 71, "model": "admin.logentry", "fields": {"content_type": 8, "object_repr": "Test NewPerson", "action_flag": 2, "action_time": "2015-04-18T21:56:14.280Z", "user": 1, "change_message": "Changed institution.", "object_id": "9"}}, {"pk": 72, "model": "admin.logentry", "fields": {"content_type": 9, "object_repr": "New Person Only Event", "action_flag": 2, "action_time": "2015-04-18T21:58:13.951Z", "user": 1, "change_message": "No fields changed.", "object_id": "8"}}, {"pk": 73, "model": "admin.logentry", "fields": {"content_type": 9, "object_repr": "New Person Only Event", "action_flag": 2, "action_time": "2015-04-19T23:11:54.627Z", "user": 1, "change_message": "No fields changed.", "object_id": "8"}}, {"pk": 74, "model": "admin.logentry", "fields": {"content_type": 9, "object_repr": "New Person Only Event", "action_flag": 2, "action_time": "2015-04-19T23:12:02.069Z", "user": 1, "change_message": "No fields changed.", "object_id": "8"}}, {"pk": 75, "model": "admin.logentry", "fields": {"content_type": 9, "object_repr": "New Person Only Event", "action_flag": 2, "action_time": "2015-04-19T23:12:07.062Z", "user": 1, "change_message": "No fields changed.", "object_id": "8"}}, {"pk": 76, "model": "admin.logentry", "fields": {"content_type": 9, "object_repr": "New Person Only Event", "action_flag": 2, "action_time": "2015-04-19T23:12:24.173Z", "user": 1, "change_message": "No fields changed.", "object_id": "8"}}, {"pk": 77, "model": "admin.logentry", "fields": {"content_type": 9, "object_repr": "New Person Only Event", "action_flag": 2, "action_time": "2015-04-20T14:17:53.746Z", "user": 1, "change_message": "No fields changed.", "object_id": "8"}}, {"pk": 78, "model": "admin.logentry", "fields": {"content_type": 8, "object_repr": "Flick Weatherspoon", "action_flag": 2, "action_time": "2015-04-20T21:21:57.680Z", "user": 1, "change_message": "Changed institution.", "object_id": "23"}}, {"pk": 79, "model": "admin.logentry", "fields": {"content_type": 8, "object_repr": "Juno Diaz", "action_flag": 2, "action_time": "2015-04-20T21:29:11.486Z", "user": 1, "change_message": "Changed institution.", "object_id": "19"}}, {"pk": 80, "model": "admin.logentry", "fields": {"content_type": 11, "object_repr": "Another Institution", "action_flag": 1, "action_time": "2015-04-20T21:31:48.041Z", "user": 1, "change_message": "", "object_id": "2"}}, {"pk": 81, "model": "admin.logentry", "fields": {"content_type": 8, "object_repr": "Haruki Murakami", "action_flag": 2, "action_time": "2015-04-20T21:31:55.454Z", "user": 1, "change_message": "Changed institution.", "object_id": "21"}}, {"pk": 82, "model": "admin.logentry", "fields": {"content_type": 8, "object_repr": "Maria Russell", "action_flag": 2, "action_time": "2015-04-20T21:32:32.458Z", "user": 1, "change_message": "Changed institution.", "object_id": "10"}}, {"pk": 83, "model": "admin.logentry", "fields": {"content_type": 8, "object_repr": "Test Again", "action_flag": 3, "action_time": "2015-04-20T21:36:45.253Z", "user": 1, "change_message": "", "object_id": "22"}}, {"pk": 84, "model": "admin.logentry", "fields": {"content_type": 8, "object_repr": "H O", "action_flag": 3, "action_time": "2015-04-20T21:36:45.282Z", "user": 1, "change_message": "", "object_id": "20"}}, {"pk": 85, "model": "admin.logentry", "fields": {"content_type": 8, "object_repr": "Terrestrai Constella", "action_flag": 3, "action_time": "2015-04-20T21:36:45.310Z", "user": 1, "change_message": "", "object_id": "17"}}, {"pk": 86, "model": "admin.logentry", "fields": {"content_type": 8, "object_repr": "Creatia Fortuna", "action_flag": 3, "action_time": "2015-04-20T21:36:45.339Z", "user": 1, "change_message": "", "object_id": "16"}}, {"pk": 87, "model": "admin.logentry", "fields": {"content_type": 8, "object_repr": "And  another", "action_flag": 3, "action_time": "2015-04-20T21:36:45.367Z", "user": 1, "change_message": "", "object_id": "15"}}, {"pk": 88, "model": "admin.logentry", "fields": {"content_type": 8, "object_repr": "Entirely New", "action_flag": 3, "action_time": "2015-04-20T21:36:55.466Z", "user": 1, "change_message": "", "object_id": "18"}}, {"pk": 89, "model": "admin.logentry", "fields": {"content_type": 8, "object_repr": "Laura Brussell", "action_flag": 2, "action_time": "2015-04-20T21:47:29.789Z", "user": 1, "change_message": "Changed institution.", "object_id": "9"}}, {"pk": 90, "model": "admin.logentry", "fields": {"content_type": 9, "object_repr": "Demo Event", "action_flag": 2, "action_time": "2015-04-20T21:50:08.446Z", "user": 1, "change_message": "Changed name and description.", "object_id": "8"}}, {"pk": 91, "model": "admin.logentry", "fields": {"content_type": 8, "object_repr": "Test NewAddressThing", "action_flag": 2, "action_time": "2015-04-20T23:33:33.576Z", "user": 1, "change_message": "Changed institution.", "object_id": "35"}}, {"pk": 92, "model": "admin.logentry", "fields": {"content_type": 8, "object_repr": "Lauren Russell", "action_flag": 2, "action_time": "2015-04-20T23:33:58.144Z", "user": 1, "change_message": "Changed first_name, last_name and institution.", "object_id": "9"}}, {"pk": 93, "model": "admin.logentry", "fields": {"content_type": 8, "object_repr": "Celeste Oliphant", "action_flag": 2, "action_time": "2015-04-20T23:34:07.446Z", "user": 1, "change_message": "Changed institution.", "object_id": "36"}}, {"pk": 94, "model": "admin.logentry", "fields": {"content_type": 8, "object_repr": "Test NewAddressThing", "action_flag": 3, "action_time": "2015-04-20T23:34:38.387Z", "user": 1, "change_message": "", "object_id": "35"}}, {"pk": 95, "model": "admin.logentry", "fields": {"content_type": 9, "object_repr": "Add a new event", "action_flag": 1, "action_time": "2015-04-20T23:44:27.659Z", "user": 1, "change_message": "", "object_id": "9"}}, {"pk": 96, "model": "admin.logentry", "fields": {"content_type": 8, "object_repr": "Enzo Aristo", "action_flag": 2, "action_time": "2015-04-20T23:45:14.776Z", "user": 1, "change_message": "Changed address.", "object_id": "34"}}, {"pk": 97, "model": "admin.logentry", "fields": {"content_type": 8, "object_repr": "Soandso Ijest", "action_flag": 3, "action_time": "2015-04-20T23:50:51.342Z", "user": 1, "change_message": "", "object_id": "37"}}, {"pk": 98, "model": "admin.logentry", "fields": {"content_type": 9, "object_repr": "Add a new event", "action_flag": 2, "action_time": "2015-05-06T15:41:53.289Z", "user": 1, "change_message": "Changed date and is_prep.", "object_id": "9"}}, {"pk": 99, "model": "admin.logentry", "fields": {"content_type": 11, "object_repr": "Another Institution", "action_flag": 2, "action_time": "2015-05-06T16:15:04.669Z", "user": 1, "change_message": "Added contact \"Contact object\".", "object_id": "2"}}, {"pk": 100, "model": "admin.logentry", "fields": {"content_type": 11, "object_repr": "Another Institution", "action_flag": 2, "action_time": "2015-05-06T16:20:28.083Z", "user": 1, "change_message": "Changed is_member.", "object_id": "2"}}, {"pk": 101, "model": "admin.logentry", "fields": {"content_type": 11, "object_repr": "Another Institution", "action_flag": 2, "action_time": "2015-05-06T16:38:00.542Z", "user": 1, "change_message": "Added contact \"Dante Stallwhether\". Added contact \"Jill Masters\".", "object_id": "2"}}, {"pk": 102, "model": "admin.logentry", "fields": {"content_type": 11, "object_repr": "Another Institution", "action_flag": 2, "action_time": "2015-05-06T16:38:08.231Z", "user": 1, "change_message": "Added contact \"Chris Topher\".", "object_id": "2"}}, {"pk": 103, "model": "admin.logentry", "fields": {"content_type": 11, "object_repr": "Another Institution", "action_flag": 2, "action_time": "2015-05-06T16:38:14.920Z", "user": 1, "change_message": "Added contact \"Eustace Scrub\".", "object_id": "2"}}, {"pk": 104, "model": "admin.logentry", "fields": {"content_type": 11, "object_repr": "Another Institution", "action_flag": 2, "action_time": "2015-05-06T16:38:23.171Z", "user": 1, "change_message": "Deleted contact \"Eustace Scrub\".", "object_id": "2"}}, {"pk": 105, "model": "admin.logentry", "fields": {"content_type": 11, "object_repr": "Another Institution", "action_flag": 2, "action_time": "2015-05-06T16:43:23.087Z", "user": 1, "change_message": "Added contact \"Dante Stallwhether\".", "object_id": "2"}}, {"pk": 106, "model": "admin.logentry", "fields": {"content_type": 11, "object_repr": "Another Institution", "action_flag": 2, "action_time": "2015-05-06T16:43:33.290Z", "user": 1, "change_message": "Added contact \"Eustace Scrub\". Deleted contact \"Dante Stallwhether\".", "object_id": "2"}}, {"pk": 107, "model": "admin.logentry", "fields": {"content_type": 11, "object_repr": "Another Institution", "action_flag": 2, "action_time": "2015-05-06T16:47:55.319Z", "user": 1, "change_message": "Added contact \"Puddle Glum\".", "object_id": "2"}}, {"pk": 108, "model": "admin.logentry", "fields": {"content_type": 11, "object_repr": "Another Institution", "action_flag": 2, "action_time": "2015-05-06T16:58:00.425Z", "user": 1, "change_message": "No fields changed.", "object_id": "2"}}, {"pk": 109, "model": "admin.logentry", "fields": {"content_type": 11, "object_repr": "Another Institution", "action_flag": 2, "action_time": "2015-05-06T16:58:17.292Z", "user": 1, "change_message": "No fields changed.", "object_id": "2"}}, {"pk": 110, "model": "admin.logentry", "fields": {"content_type": 11, "object_repr": "Another Institution", "action_flag": 2, "action_time": "2015-05-06T16:58:33.455Z", "user": 1, "change_message": "No fields changed.", "object_id": "2"}}, {"pk": 111, "model": "admin.logentry", "fields": {"content_type": 11, "object_repr": "Another Institution", "action_flag": 2, "action_time": "2015-05-06T16:59:41.368Z", "user": 1, "change_message": "Deleted contact \"Puddle Glum\".", "object_id": "2"}}, {"pk": 112, "model": "admin.logentry", "fields": {"content_type": 11, "object_repr": "Another Institution", "action_flag": 2, "action_time": "2015-05-06T16:59:56.038Z", "user": 1, "change_message": "Deleted contact \"Eustace Scrub\".", "object_id": "2"}}, {"pk": 113, "model": "admin.logentry", "fields": {"content_type": 11, "object_repr": "Another Institution", "action_flag": 2, "action_time": "2015-05-06T17:00:18.917Z", "user": 1, "change_message": "Added contact \"Lauren Russell\".", "object_id": "2"}}, {"pk": 114, "model": "admin.logentry", "fields": {"content_type": 11, "object_repr": "Venerable Institution", "action_flag": 2, "action_time": "2015-05-06T17:01:56.069Z", "user": 1, "change_message": "Changed name.", "object_id": "2"}}, {"pk": 115, "model": "admin.logentry", "fields": {"content_type": 11, "object_repr": "Venerable Institution", "action_flag": 2, "action_time": "2015-05-06T17:02:35.720Z", "user": 1, "change_message": "Changed address. Deleted contact \"Lauren Russell\".", "object_id": "2"}}, {"pk": 116, "model": "admin.logentry", "fields": {"content_type": 11, "object_repr": "Venerable Institution", "action_flag": 2, "action_time": "2015-05-06T17:18:11.778Z", "user": 1, "change_message": "Changed title for contact \"Dante Stallwhether\".", "object_id": "2"}}, {"pk": 117, "model": "admin.logentry", "fields": {"content_type": 11, "object_repr": "Venerable Institution", "action_flag": 2, "action_time": "2015-05-06T17:18:17.492Z", "user": 1, "change_message": "Added contact \"Lauren Russell\".", "object_id": "2"}}, {"pk": 118, "model": "admin.logentry", "fields": {"content_type": 11, "object_repr": "Venerable Institution", "action_flag": 2, "action_time": "2015-05-06T17:18:39.728Z", "user": 1, "change_message": "Added contact \"Daria Lagos\".", "object_id": "2"}}, {"pk": 119, "model": "admin.logentry", "fields": {"content_type": 11, "object_repr": "Venerable Institution", "action_flag": 2, "action_time": "2015-05-06T17:18:56.682Z", "user": 1, "change_message": "No fields changed.", "object_id": "2"}}, {"pk": 120, "model": "admin.logentry", "fields": {"content_type": 11, "object_repr": "Test Institution", "action_flag": 2, "action_time": "2015-05-06T17:20:18.890Z", "user": 1, "change_message": "No fields changed.", "object_id": "1"}}, {"pk": 121, "model": "admin.logentry", "fields": {"content_type": 11, "object_repr": "Test Institution", "action_flag": 2, "action_time": "2015-05-06T17:20:24.698Z", "user": 1, "change_message": "Added contact \"Theodore Rose\".", "object_id": "1"}}, {"pk": 122, "model": "admin.logentry", "fields": {"content_type": 11, "object_repr": "Test Institution", "action_flag": 2, "action_time": "2015-05-06T17:20:42.951Z", "user": 1, "change_message": "Added contact \"Daria Lagos\". Added contact \"Jill Masters\". Added contact \"Simple Addition\". Added contact \"Felicia Brown\".", "object_id": "1"}}, {"pk": 123, "model": "admin.logentry", "fields": {"content_type": 11, "object_repr": "Test Institution", "action_flag": 2, "action_time": "2015-05-06T17:22:35.462Z", "user": 1, "change_message": "Added contact \"Felicia Brown\". Deleted contact \"Felicia Brown\".", "object_id": "1"}}, {"pk": 124, "model": "admin.logentry", "fields": {"content_type": 11, "object_repr": "Test Institution", "action_flag": 2, "action_time": "2015-05-06T17:22:44.060Z", "user": 1, "change_message": "Deleted contact \"Felicia Brown\".", "object_id": "1"}}, {"pk": 125, "model": "admin.logentry", "fields": {"content_type": 11, "object_repr": "Test Institution", "action_flag": 2, "action_time": "2015-05-06T17:22:58.251Z", "user": 1, "change_message": "Added contact \"Adding NewPerson\".", "object_id": "1"}}, {"pk": 126, "model": "admin.logentry", "fields": {"content_type": 11, "object_repr": "Test Institution", "action_flag": 2, "action_time": "2015-05-06T17:44:37.622Z", "user": 1, "change_message": "Added contact \"Felicia Brown\". Changed title for contact \"Theodore Rose\". Deleted contact \"Simple Addition\". Deleted contact \"Adding NewPerson\".", "object_id": "1"}}, {"pk": 127, "model": "admin.logentry", "fields": {"content_type": 8, "object_repr": "Theodore Rose", "action_flag": 2, "action_time": "2015-05-06T19:29:28.246Z", "user": 1, "change_message": "Changed primary_phone.", "object_id": "14"}}, {"pk": 128, "model": "admin.logentry", "fields": {"content_type": 11, "object_repr": "Venerable Institution", "action_flag": 2, "action_time": "2015-05-06T19:35:37.456Z", "user": 1, "change_message": "Changed address. Deleted contact \"Daria Lagos\".", "object_id": "2"}}, {"pk": 129, "model": "admin.logentry", "fields": {"content_type": 11, "object_repr": "Test Institution", "action_flag": 2, "action_time": "2015-05-06T19:35:47.016Z", "user": 1, "change_message": "Changed title for contact \"Daria Lagos\".", "object_id": "1"}}, {"pk": 130, "model": "admin.logentry", "fields": {"content_type": 11, "object_repr": "Venerable Institution", "action_flag": 2, "action_time": "2015-05-06T19:41:28.182Z", "user": 1, "change_message": "Deleted contact \"Lauren Russell\".", "object_id": "2"}}, {"pk": 131, "model": "admin.logentry", "fields": {"content_type": 11, "object_repr": "Venerable Institution", "action_flag": 2, "action_time": "2015-05-06T19:41:34.044Z", "user": 1, "change_message": "No fields changed.", "object_id": "2"}}, {"pk": 132, "model": "admin.logentry", "fields": {"content_type": 11, "object_repr": "Venerable Institution", "action_flag": 2, "action_time": "2015-05-06T19:42:58.366Z", "user": 1, "change_message": "No fields changed.", "object_id": "2"}}, {"pk": 133, "model": "admin.logentry", "fields": {"content_type": 11, "object_repr": "Venerable Institution", "action_flag": 2, "action_time": "2015-05-06T19:43:05.575Z", "user": 1, "change_message": "Deleted contact \"Chris Topher\".", "object_id": "2"}}, {"pk": 134, "model": "admin.logentry", "fields": {"content_type": 11, "object_repr": "Venerable Institution", "action_flag": 2, "action_time": "2015-05-06T19:43:14.156Z", "user": 1, "change_message": "Deleted contact \"Jill Masters\".", "object_id": "2"}}, {"pk": 135, "model": "admin.logentry", "fields": {"content_type": 11, "object_repr": "Venerable Institution", "action_flag": 2, "action_time": "2015-05-06T19:43:21.551Z", "user": 1, "change_message": "Added contact \"Eustace Scrub\".", "object_id": "2"}}, {"pk": 136, "model": "admin.logentry", "fields": {"content_type": 9, "object_repr": "New Homeowners Support Group", "action_flag": 2, "action_time": "2015-05-06T19:47:55.003Z", "user": 1, "change_message": "Changed description and date.", "object_id": "2"}}, {"pk": 137, "model": "admin.logentry", "fields": {"content_type": 9, "object_repr": "Add a new event", "action_flag": 2, "action_time": "2015-05-07T20:18:14.702Z", "user": 1, "change_message": "No fields changed.", "object_id": "9"}}, {"pk": 138, "model": "admin.logentry", "fields": {"content_type": 9, "object_repr": "Add a new event", "action_flag": 2, "action_time": "2015-05-07T20:30:55.748Z", "user": 1, "change_message": "No fields changed.", "object_id": "9"}}, {"pk": 139, "model": "admin.logentry", "fields": {"content_type": 9, "object_repr": "Add a new event", "action_flag": 2, "action_time": "2015-05-07T20:31:02.331Z", "user": 1, "change_message": "Changed is_prep.", "object_id": "9"}}, {"pk": 140, "model": "admin.logentry", "fields": {"content_type": 9, "object_repr": "Add a new event", "action_flag": 2, "action_time": "2015-05-12T00:09:40.160Z", "user": 1, "change_message": "Changed is_prep and major_action.", "object_id": "9"}}, {"pk": 141, "model": "admin.logentry", "fields": {"content_type": 9, "object_repr": "Add a new event", "action_flag": 2, "action_time": "2015-05-12T00:19:02.438Z", "user": 1, "change_message": "Changed is_prep.", "object_id": "9"}}, {"pk": 142, "model": "admin.logentry", "fields": {"content_type": 9, "object_repr": "Add a new event", "action_flag": 2, "action_time": "2015-05-12T00:19:22.260Z", "user": 1, "change_message": "No fields changed.", "object_id": "9"}}, {"pk": 143, "model": "admin.logentry", "fields": {"content_type": 18, "object_repr": "ttm", "action_flag": 1, "action_time": "2015-05-12T15:51:44.925Z", "user": 1, "change_message": "", "object_id": "1"}}, {"pk": 144, "model": "admin.logentry", "fields": {"content_type": 4, "object_repr": "cdonnelly", "action_flag": 2, "action_time": "2015-05-12T15:52:25.342Z", "user": 1, "change_message": "Changed groups.", "object_id": "1"}}, {"pk": 145, "model": "admin.logentry", "fields": {"content_type": 18, "object_repr": "il4kids", "action_flag": 1, "action_time": "2015-05-12T16:55:19.511Z", "user": 1, "change_message": "", "object_id": "2"}}, {"pk": 146, "model": "admin.logentry", "fields": {"content_type": 18, "object_repr": "test", "action_flag": 1, "action_time": "2015-05-12T17:14:27.752Z", "user": 1, "change_message": "", "object_id": "3"}}, {"pk": 147, "model": "admin.logentry", "fields": {"content_type": 9, "object_repr": "Add a new event", "action_flag": 2, "action_time": "2015-05-12T17:50:03.395Z", "user": 1, "change_message": "Changed is_prep.", "object_id": "9"}}, {"pk": 148, "model": "admin.logentry", "fields": {"content_type": 9, "object_repr": "Demo Event", "action_flag": 2, "action_time": "2015-05-12T19:49:26.375Z", "user": 1, "change_message": "Changed is_prep.", "object_id": "8"}}, {"pk": 149, "model": "admin.logentry", "fields": {"content_type": 9, "object_repr": "Demo Event", "action_flag": 2, "action_time": "2015-05-12T19:49:35.042Z", "user": 1, "change_message": "Changed major_action.", "object_id": "8"}}, {"pk": 150, "model": "admin.logentry", "fields": {"content_type": 9, "object_repr": "Demo Event", "action_flag": 2, "action_time": "2015-05-12T19:49:40.675Z", "user": 1, "change_message": "Changed is_prep.", "object_id": "8"}}, {"pk": 151, "model": "admin.logentry", "fields": {"content_type": 9, "object_repr": "Demo Event", "action_flag": 2, "action_time": "2015-05-12T19:54:25.850Z", "user": 1, "change_message": "No fields changed.", "object_id": "8"}}, {"pk": 152, "model": "admin.logentry", "fields": {"content_type": 18, "object_repr": "test", "action_flag": 1, "action_time": "2015-05-12T20:04:46.977Z", "user": 1, "change_message": "", "object_id": "4"}}, {"pk": 153, "model": "admin.logentry", "fields": {"content_type": 18, "object_repr": "test", "action_flag": 3, "action_time": "2015-05-12T20:55:06.867Z", "user": 1, "change_message": "", "object_id": "3"}}, {"pk": 154, "model": "admin.logentry", "fields": {"content_type": 11, "object_repr": "Venerable Institution", "action_flag": 2, "action_time": "2015-05-12T21:03:55.150Z", "user": 1, "change_message": "Changed title for contact \"Dante Stallwhether\".", "object_id": "2"}}, {"pk": 155, "model": "admin.logentry", "fields": {"content_type": 11, "object_repr": "Venerable Institution", "action_flag": 2, "action_time": "2015-05-12T21:10:05.562Z", "user": 1, "change_message": "Changed title for contact \"Lauren Russell\".", "object_id": "2"}}, {"pk": 156, "model": "admin.logentry", "fields": {"content_type": 18, "object_repr": "New", "action_flag": 1, "action_time": "2015-05-12T21:11:20.600Z", "user": 1, "change_message": "", "object_id": "5"}}, {"pk": 157, "model": "admin.logentry", "fields": {"content_type": 8, "object_repr": "Dante Stallwhether", "action_flag": 2, "action_time": "2015-05-12T21:26:48.055Z", "user": 1, "change_message": "Changed primary_phone.", "object_id": "32"}}, {"pk": 158, "model": "admin.logentry", "fields": {"content_type": 8, "object_repr": "Dante Stallwhether", "action_flag": 2, "action_time": "2015-05-12T21:27:47.875Z", "user": 1, "change_message": "Changed primary_phone.", "object_id": "32"}}, {"pk": 159, "model": "admin.logentry", "fields": {"content_type": 8, "object_repr": "Dante Stallwhether", "action_flag": 2, "action_time": "2015-05-12T21:28:54.207Z", "user": 1, "change_message": "No fields changed.", "object_id": "32"}}, {"pk": 160, "model": "admin.logentry", "fields": {"content_type": 8, "object_repr": "Dante Stallwhether", "action_flag": 2, "action_time": "2015-05-12T21:29:04.337Z", "user": 1, "change_message": "No fields changed.", "object_id": "32"}}, {"pk": 161, "model": "admin.logentry", "fields": {"content_type": 8, "object_repr": "Lauren Russell", "action_flag": 2, "action_time": "2015-05-12T21:29:40.163Z", "user": 1, "change_message": "Changed primary_phone.", "object_id": "9"}}, {"pk": 162, "model": "admin.logentry", "fields": {"content_type": 8, "object_repr": "Lauren Russell", "action_flag": 2, "action_time": "2015-05-12T21:30:01.050Z", "user": 1, "change_message": "Changed primary_phone.", "object_id": "9"}}, {"pk": 163, "model": "admin.logentry", "fields": {"content_type": 8, "object_repr": "Theodore Rose", "action_flag": 2, "action_time": "2015-05-12T21:30:16.451Z", "user": 1, "change_message": "Changed primary_phone.", "object_id": "14"}}, {"pk": 164, "model": "admin.logentry", "fields": {"content_type": 8, "object_repr": "Dante Stallwhether", "action_flag": 2, "action_time": "2015-05-12T21:30:27.713Z", "user": 1, "change_message": "Changed primary_phone.", "object_id": "32"}}, {"pk": 165, "model": "admin.logentry", "fields": {"content_type": 8, "object_repr": "Dante Stallwhether", "action_flag": 2, "action_time": "2015-05-12T21:31:17.737Z", "user": 1, "change_message": "Changed primary_phone.", "object_id": "32"}}, {"pk": 166, "model": "admin.logentry", "fields": {"content_type": 8, "object_repr": "Dante Stallwhether", "action_flag": 2, "action_time": "2015-05-12T21:32:51.572Z", "user": 1, "change_message": "Changed primary_phone.", "object_id": "32"}}, {"pk": 167, "model": "admin.logentry", "fields": {"content_type": 9, "object_repr": "Demo Event", "action_flag": 2, "action_time": "2015-05-12T21:44:53.527Z", "user": 1, "change_message": "No fields changed.", "object_id": "8"}}, {"pk": 168, "model": "admin.logentry", "fields": {"content_type": 9, "object_repr": "Example Meeting", "action_flag": 2, "action_time": "2015-05-12T21:45:34.596Z", "user": 1, "change_message": "No fields changed.", "object_id": "6"}}, {"pk": 169, "model": "admin.logentry", "fields": {"content_type": 8, "object_repr": "Lauren Russell", "action_flag": 2, "action_time": "2015-05-12T21:45:54.412Z", "user": 1, "change_message": "Changed institution.", "object_id": "9"}}, {"pk": 170, "model": "admin.logentry", "fields": {"content_type": 9, "object_repr": "Example Meeting", "action_flag": 2, "action_time": "2015-05-12T21:46:04.401Z", "user": 1, "change_message": "No fields changed.", "object_id": "6"}}, {"pk": 171, "model": "admin.logentry", "fields": {"content_type": 8, "object_repr": "Theodore Rose", "action_flag": 2, "action_time": "2015-05-12T21:47:21.486Z", "user": 1, "change_message": "Changed primary_phone.", "object_id": "14"}}, {"pk": 172, "model": "admin.logentry", "fields": {"content_type": 9, "object_repr": "International Women's Day", "action_flag": 2, "action_time": "2015-05-12T21:59:29.168Z", "user": 1, "change_message": "No fields changed.", "object_id": "4"}}, {"pk": 173, "model": "admin.logentry", "fields": {"content_type": 11, "object_repr": "Venerable Institution", "action_flag": 2, "action_time": "2015-05-12T23:00:13.134Z", "user": 1, "change_message": "Added contact \"Jesenya Guadalupe\".", "object_id": "2"}}, {"pk": 174, "model": "admin.logentry", "fields": {"content_type": 11, "object_repr": "Venerable Institution", "action_flag": 2, "action_time": "2015-05-12T23:00:21.613Z", "user": 1, "change_message": "Added contact \"Jill Martinez\".", "object_id": "2"}}, {"pk": 175, "model": "admin.logentry", "fields": {"content_type": 11, "object_repr": "Extra Venerable Institution", "action_flag": 2, "action_time": "2015-05-12T23:00:30.211Z", "user": 1, "change_message": "Changed name.", "object_id": "2"}}]