[
{
    "fields": {
        "name": "admin",
        "permissions": [
            [
                "add_user",
                "auth",
                "user"
            ],
            [
                "can_change_password",
                "auth",
                "user"
            ],
            [
                "change_user",
                "auth",
                "user"
            ],
            [
                "delete_user",
                "auth",
                "user"
            ],
            [
                "delete_event",
                "swoptact",
                "event"
            ],
            [
                "delete_institution",
                "swoptact",
                "institution"
            ],
            [
                "delete_participant",
                "swoptact",
                "participant"
            ],
            [
                "add_tag",
                "swoptact",
                "tag"
            ],
            [
                "change_tag",
                "swoptact",
                "tag"
            ],
            [
                "delete_tag",
                "swoptact",
                "tag"
            ]
        ]
    },
    "pk": 1,
    "model": "auth.group"
},
{
    "fields": {
        "name": "staff",
        "permissions": [
            [
                "add_event",
                "swoptact",
                "event"
            ],
            [
                "change_event",
                "swoptact",
                "event"
            ],
            [
                "add_institution",
                "swoptact",
                "institution"
            ],
            [
                "change_institution",
                "swoptact",
                "institution"
            ],
            [
                "add_participant",
                "swoptact",
                "participant"
            ],
            [
                "change_participant",
                "swoptact",
                "participant"
            ],
            [
                "delete_participant",
                "swoptact",
                "participant"
            ],
            [
                "add_tag",
                "swoptact",
                "tag"
            ],
            [
                "change_tag",
                "swoptact",
                "tag"
            ]
        ]
    },
    "pk": 2,
    "model": "auth.group"
},
{
    "fields": {
        "name": "leader",
        "permissions": [
            [
                "add_event",
                "swoptact",
                "event"
            ],
            [
                "change_event",
                "swoptact",
                "event"
            ],
            [
                "add_institution",
                "swoptact",
                "institution"
            ],
            [
                "change_institution",
                "swoptact",
                "institution"
            ],
            [
                "add_participant",
                "swoptact",
                "participant"
            ],
            [
                "change_participant",
                "swoptact",
                "participant"
            ]
        ]
    },
    "pk": 3,
    "model": "auth.group"
},
{
    "fields": {
        "group": [
            "staff"
        ],
        "archived": null,
        "description": "testing the model",
        "date_created": "2015-06-11",
        "name": "ttm"
    },
    "pk": 1,
    "model": "swoptact.tag"
},
{
    "fields": {
        "group": [
            "admin"
        ],
        "archived": null,
        "description": "Illinois grant for children",
        "date_created": "2015-06-11",
        "name": "il4kids"
    },
    "pk": 2,
    "model": "swoptact.tag"
},
{
    "fields": {
        "group": [
            "staff"
        ],
        "archived": null,
        "description": "Swim lessons.",
        "date_created": "2015-06-11",
        "name": "swimming"
    },
    "pk": 4,
    "model": "swoptact.tag"
},
{
    "fields": {
        "group": [
            "leader"
        ],
        "archived": null,
        "description": "Day of the Dead",
        "date_created": "2015-06-11",
        "name": "dia_muertos"
    },
    "pk": 5,
    "model": "swoptact.tag"
},
{
    "fields": {
        "inst_street_address": null,
        "name": "St. James",
        "contacts": [],
        "inst_zipcode_address": null,
        "tags": [
            1,
            4
        ],
        "inst_state_address": null,
        "archived": null,
        "inst_city_address": null,
        "is_member": false
    },
    "pk": 1,
    "model": "swoptact.institution"
},
{
    "fields": {
        "inst_street_address": null,
        "name": "YMCA",
        "contacts": [],
        "inst_zipcode_address": null,
        "tags": [
            2
        ],
        "inst_state_address": null,
        "archived": null,
        "inst_city_address": null,
        "is_member": true
    },
    "pk": 2,
    "model": "swoptact.institution"
},
{
    "fields": {
        "inst_street_address": null,
        "name": "Sister Mary School",
        "contacts": [],
        "inst_zipcode_address": null,
        "tags": [],
        "inst_state_address": null,
        "archived": null,
        "inst_city_address": null,
        "is_member": false
    },
    "pk": 3,
    "model": "swoptact.institution"
},
{
    "fields": {
        "secondary_phone": null,
        "email": "lbeethoven@test.com",
        "name": "Lauren Russo",
        "participant_street_address": null,
        "participant_zipcode_address": null,
        "institution": null,
        "title": null,
        "participant_city_address": null,
        "archived": null,
        "participant_state_address": null,
        "primary_phone": null
    },
    "pk": 9,
    "model": "swoptact.participant"
},
{
    "fields": {
        "secondary_phone": null,
        "email": "",
        "name": "Theodore Rose",
        "participant_street_address": null,
        "participant_zipcode_address": null,
        "institution": 1,
        "title": null,
        "participant_city_address": null,
        "archived": null,
        "participant_state_address": null,
        "primary_phone": "+17737021233"
    },
    "pk": 14,
    "model": "swoptact.participant"
},
{
    "fields": {
        "secondary_phone": null,
        "email": "",
        "name": "Daria Lagos",
        "participant_street_address": null,
        "participant_zipcode_address": null,
        "institution": null,
        "title": null,
        "participant_city_address": null,
        "archived": null,
        "participant_state_address": null,
        "primary_phone": null
    },
    "pk": 24,
    "model": "swoptact.participant"
},
{
    "fields": {
        "secondary_phone": null,
        "email": "",
        "name": "Felicia Brown",
        "participant_street_address": null,
        "participant_zipcode_address": null,
        "institution": null,
        "title": null,
        "participant_city_address": null,
        "archived": null,
        "participant_state_address": null,
        "primary_phone": null
    },
    "pk": 26,
    "model": "swoptact.participant"
},
{
    "fields": {
        "secondary_phone": null,
        "email": "",
        "name": "Simple Addition",
        "participant_street_address": null,
        "participant_zipcode_address": null,
        "institution": null,
        "title": null,
        "participant_city_address": null,
        "archived": null,
        "participant_state_address": null,
        "primary_phone": null
    },
    "pk": 27,
    "model": "swoptact.participant"
},
{
    "fields": {
        "secondary_phone": null,
        "email": "",
        "name": "Chris Topher",
        "participant_street_address": null,
        "participant_zipcode_address": null,
        "institution": null,
        "title": null,
        "participant_city_address": null,
        "archived": null,
        "participant_state_address": null,
        "primary_phone": null
    },
    "pk": 28,
    "model": "swoptact.participant"
},
{
    "fields": {
        "secondary_phone": null,
        "email": "",
        "name": "Eustace Solares",
        "participant_street_address": null,
        "participant_zipcode_address": null,
        "institution": null,
        "title": null,
        "participant_city_address": null,
        "archived": null,
        "participant_state_address": null,
        "primary_phone": null
    },
    "pk": 30,
    "model": "swoptact.participant"
},
{
    "fields": {
        "secondary_phone": null,
        "email": "",
        "name": "Jill Martinez",
        "participant_street_address": null,
        "participant_zipcode_address": null,
        "institution": null,
        "title": null,
        "participant_city_address": null,
        "archived": null,
        "participant_state_address": null,
        "primary_phone": null
    },
    "pk": 31,
    "model": "swoptact.participant"
},
{
    "fields": {
        "secondary_phone": null,
        "email": "",
        "name": "Dante Stallworth",
        "participant_street_address": null,
        "participant_zipcode_address": null,
        "institution": null,
        "title": null,
        "participant_city_address": null,
        "archived": null,
        "participant_state_address": null,
        "primary_phone": "+13127726767"
    },
    "pk": 32,
    "model": "swoptact.participant"
},
{
    "fields": {
        "secondary_phone": null,
        "email": "",
        "name": "Jesenya Guadalupe",
        "participant_street_address": null,
        "participant_zipcode_address": null,
        "institution": null,
        "title": null,
        "participant_city_address": null,
        "archived": null,
        "participant_state_address": null,
        "primary_phone": null
    },
    "pk": 33,
    "model": "swoptact.participant"
},
{
    "fields": {
        "secondary_phone": null,
        "email": "",
        "name": "Harry Potter",
        "participant_street_address": null,
        "participant_zipcode_address": null,
        "institution": 1,
        "title": null,
        "participant_city_address": null,
        "archived": null,
        "participant_state_address": null,
        "primary_phone": null
    },
    "pk": 35,
    "model": "swoptact.participant"
},
{
    "fields": {
        "secondary_phone": null,
        "email": "",
        "name": "Ted Neumann",
        "participant_street_address": null,
        "participant_zipcode_address": null,
        "institution": null,
        "title": null,
        "participant_city_address": null,
        "archived": null,
        "participant_state_address": null,
        "primary_phone": "+13127025434"
    },
    "pk": 36,
    "model": "swoptact.participant"
},
{
    "fields": {
        "secondary_organizer": null,
        "description": "A discussion group",
        "time": null,
        "archived": null,
        "location": "SWOP",
        "date": "2015-05-11",
        "name": "New Homeowners Support Group",
        "narrative": null,
        "tags": [],
        "is_prep": false,
        "participants": [
            9,
            32
        ],
        "major_action": null,
        "organizer": null
    },
    "pk": 2,
    "model": "swoptact.event"
},
{
    "fields": {
        "secondary_organizer": null,
        "description": "",
        "time": null,
        "archived": null,
        "location": "Conference Center",
        "date": null,
        "name": "Swoptact Initiation Forum",
        "narrative": null,
        "tags": [],
        "is_prep": false,
        "participants": [
            9
        ],
        "major_action": null,
        "organizer": null
    },
    "pk": 3,
    "model": "swoptact.event"
},
{
    "fields": {
        "secondary_organizer": null,
        "description": "",
        "time": null,
        "archived": null,
        "location": "Global",
        "date": null,
        "name": "International Women's Day",
        "narrative": null,
        "tags": [],
        "is_prep": false,
        "participants": [],
        "major_action": null,
        "organizer": null
    },
    "pk": 4,
    "model": "swoptact.event"
},
{
    "fields": {
        "secondary_organizer": null,
        "description": "",
        "time": null,
        "archived": null,
        "location": "SWOP Auxiliary Office",
        "date": null,
        "name": "Organizer Retreat",
        "narrative": null,
        "tags": [],
        "is_prep": false,
        "participants": [
            9
        ],
        "major_action": null,
        "organizer": null
    },
    "pk": 5,
    "model": "swoptact.event"
},
{
    "fields": {
        "secondary_organizer": null,
        "description": "",
        "time": null,
        "archived": null,
        "location": "",
        "date": null,
        "name": "MADD Meeting",
        "narrative": null,
        "tags": [],
        "is_prep": false,
        "participants": [
            9
        ],
        "major_action": null,
        "organizer": null
    },
    "pk": 6,
    "model": "swoptact.event"
},
{
    "fields": {
        "secondary_organizer": null,
        "description": "",
        "time": null,
        "archived": null,
        "location": "",
        "date": null,
        "name": "Kick-off Meeting",
        "narrative": null,
        "tags": [],
        "is_prep": false,
        "participants": [
            9,
            36
        ],
        "major_action": null,
        "organizer": null
    },
    "pk": 7,
    "model": "swoptact.event"
},
{
    "fields": {
        "secondary_organizer": null,
        "description": "This is an example event with attendees.",
        "time": null,
        "archived": null,
        "location": "",
        "date": "2015-05-04",
        "name": "Local Baseball Tournament",
        "narrative": null,
        "tags": [],
        "is_prep": true,
        "participants": [
            9,
            14,
            24,
            26,
            28,
            30,
            31,
            32
        ],
        "major_action": 9,
        "organizer": null
    },
    "pk": 8,
    "model": "swoptact.event"
},
{
    "fields": {
        "secondary_organizer": null,
        "description": "This is a test of adding a new event with the sign in sheet.",
        "time": null,
        "archived": null,
        "location": "Home Office",
        "date": "2015-05-04",
        "name": "Board Meeting",
        "narrative": null,
        "tags": [],
        "is_prep": true,
        "participants": [
            9,
            30,
            31,
            32,
            33
        ],
        "major_action": 3,
        "organizer": null
    },
    "pk": 9,
    "model": "swoptact.event"
},
{
    "fields": {
        "url": "",
        "title": "ttm",
        "description": "",
        "object_id_int": 1,
        "meta_encoded": "{}",
        "object_id": "1",
        "content": "ttm",
        "engine_slug": "admin",
        "content_type": [
            "swoptact",
            "tag"
        ]
    },
    "pk": 1,
    "model": "watson.searchentry"
},
{
    "fields": {
        "url": "",
        "title": "il4kids",
        "description": "",
        "object_id_int": 2,
        "meta_encoded": "{}",
        "object_id": "2",
        "content": "il4kids",
        "engine_slug": "admin",
        "content_type": [
            "swoptact",
            "tag"
        ]
    },
    "pk": 2,
    "model": "watson.searchentry"
},
{
    "fields": {
        "url": "",
        "title": "test",
        "description": "",
        "object_id_int": 4,
        "meta_encoded": "{}",
        "object_id": "4",
        "content": "test",
        "engine_slug": "admin",
        "content_type": [
            "swoptact",
            "tag"
        ]
    },
    "pk": 3,
    "model": "watson.searchentry"
},
{
    "fields": {
        "url": "",
        "title": "New",
        "description": "",
        "object_id_int": 5,
        "meta_encoded": "{}",
        "object_id": "5",
        "content": "New",
        "engine_slug": "admin",
        "content_type": [
            "swoptact",
            "tag"
        ]
    },
    "pk": 4,
    "model": "watson.searchentry"
},
{
    "fields": {
        "url": "",
        "title": "Lauren Russo",
        "description": "",
        "object_id_int": 9,
        "meta_encoded": "{}",
        "object_id": "9",
        "content": "Lauren Russo None None lbeethoven@test.com None None None None",
        "engine_slug": "admin",
        "content_type": [
            "swoptact",
            "participant"
        ]
    },
    "pk": 5,
    "model": "watson.searchentry"
},
{
    "fields": {
        "url": "",
        "title": "Theodore Rose",
        "description": "",
        "object_id_int": 14,
        "meta_encoded": "{}",
        "object_id": "14",
        "content": "Theodore Rose +17737021233 None  None None None None",
        "engine_slug": "admin",
        "content_type": [
            "swoptact",
            "participant"
        ]
    },
    "pk": 6,
    "model": "watson.searchentry"
},
{
    "fields": {
        "url": "",
        "title": "Daria Lagos",
        "description": "",
        "object_id_int": 24,
        "meta_encoded": "{}",
        "object_id": "24",
        "content": "Daria Lagos None None  None None None None",
        "engine_slug": "admin",
        "content_type": [
            "swoptact",
            "participant"
        ]
    },
    "pk": 7,
    "model": "watson.searchentry"
},
{
    "fields": {
        "url": "",
        "title": "Felicia Brown",
        "description": "",
        "object_id_int": 26,
        "meta_encoded": "{}",
        "object_id": "26",
        "content": "Felicia Brown None None  None None None None",
        "engine_slug": "admin",
        "content_type": [
            "swoptact",
            "participant"
        ]
    },
    "pk": 8,
    "model": "watson.searchentry"
},
{
    "fields": {
        "url": "",
        "title": "Simple Addition",
        "description": "",
        "object_id_int": 27,
        "meta_encoded": "{}",
        "object_id": "27",
        "content": "Simple Addition None None  None None None None",
        "engine_slug": "admin",
        "content_type": [
            "swoptact",
            "participant"
        ]
    },
    "pk": 9,
    "model": "watson.searchentry"
},
{
    "fields": {
        "url": "",
        "title": "Chris Topher",
        "description": "",
        "object_id_int": 28,
        "meta_encoded": "{}",
        "object_id": "28",
        "content": "Chris Topher None None  None None None None",
        "engine_slug": "admin",
        "content_type": [
            "swoptact",
            "participant"
        ]
    },
    "pk": 10,
    "model": "watson.searchentry"
},
{
    "fields": {
        "url": "",
        "title": "Eustace Solares",
        "description": "",
        "object_id_int": 30,
        "meta_encoded": "{}",
        "object_id": "30",
        "content": "Eustace Solares None None  None None None None",
        "engine_slug": "admin",
        "content_type": [
            "swoptact",
            "participant"
        ]
    },
    "pk": 11,
    "model": "watson.searchentry"
},
{
    "fields": {
        "url": "",
        "title": "Jill Martinez",
        "description": "",
        "object_id_int": 31,
        "meta_encoded": "{}",
        "object_id": "31",
        "content": "Jill Martinez None None  None None None None",
        "engine_slug": "admin",
        "content_type": [
            "swoptact",
            "participant"
        ]
    },
    "pk": 12,
    "model": "watson.searchentry"
},
{
    "fields": {
        "url": "",
        "title": "Dante Stallworth",
        "description": "",
        "object_id_int": 32,
        "meta_encoded": "{}",
        "object_id": "32",
        "content": "Dante Stallworth +13127726767 None  None None None None",
        "engine_slug": "admin",
        "content_type": [
            "swoptact",
            "participant"
        ]
    },
    "pk": 13,
    "model": "watson.searchentry"
},
{
    "fields": {
        "url": "",
        "title": "Jesenya Guadalupe",
        "description": "",
        "object_id_int": 33,
        "meta_encoded": "{}",
        "object_id": "33",
        "content": "Jesenya Guadalupe None None  None None None None",
        "engine_slug": "admin",
        "content_type": [
            "swoptact",
            "participant"
        ]
    },
    "pk": 14,
    "model": "watson.searchentry"
},
{
    "fields": {
        "url": "",
        "title": "Harry Potter",
        "description": "",
        "object_id_int": 35,
        "meta_encoded": "{}",
        "object_id": "35",
        "content": "Harry Potter None None  None None None None",
        "engine_slug": "admin",
        "content_type": [
            "swoptact",
            "participant"
        ]
    },
    "pk": 15,
    "model": "watson.searchentry"
},
{
    "fields": {
        "url": "",
        "title": "Ted Neumann",
        "description": "",
        "object_id_int": 36,
        "meta_encoded": "{}",
        "object_id": "36",
        "content": "Ted Neumann +13127025434 None  None None None None",
        "engine_slug": "admin",
        "content_type": [
            "swoptact",
            "participant"
        ]
    },
    "pk": 16,
    "model": "watson.searchentry"
},
{
    "fields": {
        "url": "",
        "title": "New Homeowners Support Group",
        "description": "",
        "object_id_int": 2,
        "meta_encoded": "{}",
        "object_id": "2",
        "content": "New Homeowners Support Group SWOP",
        "engine_slug": "admin",
        "content_type": [
            "swoptact",
            "event"
        ]
    },
    "pk": 17,
    "model": "watson.searchentry"
},
{
    "fields": {
        "url": "",
        "title": "Swoptact Initiation Forum",
        "description": "",
        "object_id_int": 3,
        "meta_encoded": "{}",
        "object_id": "3",
        "content": "Swoptact Initiation Forum Conference Center",
        "engine_slug": "admin",
        "content_type": [
            "swoptact",
            "event"
        ]
    },
    "pk": 18,
    "model": "watson.searchentry"
},
{
    "fields": {
        "url": "",
        "title": "International Women's Day",
        "description": "",
        "object_id_int": 4,
        "meta_encoded": "{}",
        "object_id": "4",
        "content": "International Women's Day Global",
        "engine_slug": "admin",
        "content_type": [
            "swoptact",
            "event"
        ]
    },
    "pk": 19,
    "model": "watson.searchentry"
},
{
    "fields": {
        "url": "",
        "title": "Organizer Retreat",
        "description": "",
        "object_id_int": 5,
        "meta_encoded": "{}",
        "object_id": "5",
        "content": "Organizer Retreat SWOP Auxiliary Office",
        "engine_slug": "admin",
        "content_type": [
            "swoptact",
            "event"
        ]
    },
    "pk": 20,
    "model": "watson.searchentry"
},
{
    "fields": {
        "url": "",
        "title": "MADD Meeting",
        "description": "",
        "object_id_int": 6,
        "meta_encoded": "{}",
        "object_id": "6",
        "content": "MADD Meeting ",
        "engine_slug": "admin",
        "content_type": [
            "swoptact",
            "event"
        ]
    },
    "pk": 21,
    "model": "watson.searchentry"
},
{
    "fields": {
        "url": "",
        "title": "Kick-off Meeting",
        "description": "",
        "object_id_int": 7,
        "meta_encoded": "{}",
        "object_id": "7",
        "content": "Kick-off Meeting ",
        "engine_slug": "admin",
        "content_type": [
            "swoptact",
            "event"
        ]
    },
    "pk": 22,
    "model": "watson.searchentry"
},
{
    "fields": {
        "url": "",
        "title": "Local Baseball Tournament",
        "description": "",
        "object_id_int": 8,
        "meta_encoded": "{}",
        "object_id": "8",
        "content": "Local Baseball Tournament ",
        "engine_slug": "admin",
        "content_type": [
            "swoptact",
            "event"
        ]
    },
    "pk": 23,
    "model": "watson.searchentry"
},
{
    "fields": {
        "url": "",
        "title": "Board Meeting",
        "description": "",
        "object_id_int": 9,
        "meta_encoded": "{}",
        "object_id": "9",
        "content": "Board Meeting Home Office",
        "engine_slug": "admin",
        "content_type": [
            "swoptact",
            "event"
        ]
    },
    "pk": 24,
    "model": "watson.searchentry"
}
]
